mode,n,family,variant,description,duration_ns,amplitude_scale,expected_pi_amplitude_MHz,amplitude_MHz,carrier_rotating_MHz,target_probability,source_probability,leakage_probability,subspace_population
readout,1,square,square,Constant envelope,12.0,1.05,20.833333333333332,21.875,-255.6696945244608,0.9969520050030979,0.0030479949969023476,0.0,1.0000000000000002
readout,1,square,square,Constant envelope,16.0,1.05,15.624999999999998,16.406249999999996,-255.6696945244608,0.9963150836171217,0.0036849163828782993,0.0,1.0
readout,1,square,square,Constant envelope,20.0,1.05,12.5,13.125,-255.6696945244608,0.9959014597561773,0.004098540243822717,6.938893903907228e-18,1.0
readout,1,square,square,Constant envelope,24.0,1.05,10.416666666666666,10.9375,-255.6696945244608,0.995611682303993,0.004388317696007044,0.0,1.0
readout,1,square,square,Constant envelope,32.0,1.05,7.812499999999999,8.203124999999998,-255.6696945244608,0.9952352585630299,0.0047647414369699215,2.220446049250313e-16,0.9999999999999998
readout,1,square,square,Constant envelope,40.0,1.05,6.25,6.5625,-255.6696945244608,0.9950049281851129,0.0049950718148873965,0.0,1.0000000000000002
readout,1,square,square,Constant envelope,60.0,1.05,4.166666666666666,4.374999999999999,-255.6696945244608,0.9946814796789613,0.00531852032103914,0.0,1.0000000000000004
readout,1,square,square,Constant envelope,80.0,1.05,3.125,3.28125,-255.6696945244608,0.9945173724311848,0.005482627568814968,2.671474153004283e-16,0.9999999999999998
readout,1,square,square,Constant envelope,120.0,1.05,2.083333333333333,2.1874999999999996,-255.6696945244608,0.994345874691788,0.005654125308212017,0.0,1.0
readout,1,square,square,Constant envelope,160.0,1.05,1.5625,1.640625,-255.6696945244608,0.9942569100407835,0.005743089959216463,0.0,1.0
readout,1,square,square,Constant envelope,220.0,1.05,1.1363636363636362,1.1931818181818181,-255.6696945244608,0.9941798693798053,0.005820130620194834,0.0,1.0000000000000002
readout,1,square,square,Constant envelope,300.0,1.05,0.8333333333333333,0.875,-255.6696945244608,0.9941437060636844,0.0058562939363157734,0.0,1.0000000000000002
readout,1,gaussian,sigma_0p24,Wide Gaussian,12.0,1.05,20.833333333333332,21.875,-255.6696945244608,0.9946670179580293,0.005332982041970869,0.0,1.0000000000000002
readout,1,gaussian,sigma_0p24,Wide Gaussian,16.0,1.05,15.624999999999998,16.406249999999996,-255.6696945244608,0.9945063553902321,0.005493644609768079,0.0,1.0000000000000002
readout,1,gaussian,sigma_0p24,Wide Gaussian,20.0,1.05,12.5,13.125,-255.6696945244608,0.9944103438606076,0.005589656139392312,1.2836953722228372e-16,0.9999999999999999
readout,1,gaussian,sigma_0p24,Wide Gaussian,24.0,1.05,10.416666666666666,10.9375,-255.6696945244608,0.9943454229089365,0.005654577091063743,0.0,1.0000000000000002
readout,1,gaussian,sigma_0p24,Wide Gaussian,32.0,1.05,7.812499999999999,8.203124999999998,-255.6696945244608,0.9942632332940509,0.005736766705948964,1.726049858596923e-16,0.9999999999999998
readout,1,gaussian,sigma_0p24,Wide Gaussian,40.0,1.05,6.25,6.5625,-255.6696945244608,0.9942135557848902,0.005786444215109517,2.480654570646834e-16,0.9999999999999998
readout,1,gaussian,sigma_0p24,Wide Gaussian,60.0,1.05,4.166666666666666,4.374999999999999,-255.6696945244608,0.9941492270922867,0.005850772907713207,9.020562075079397e-17,0.9999999999999999
readout,1,gaussian,sigma_0p24,Wide Gaussian,80.0,1.05,3.125,3.28125,-255.6696945244608,0.9941162679117848,0.005883732088215392,0.0,1.0000000000000002
readout,1,gaussian,sigma_0p24,Wide Gaussian,120.0,1.05,2.083333333333333,2.1874999999999996,-255.6696945244608,0.9940819511853323,0.005918048814667871,0.0,1.0000000000000002
readout,1,gaussian,sigma_0p24,Wide Gaussian,160.0,1.05,1.5625,1.640625,-255.6696945244608,0.9940623727183759,0.005937627281624212,0.0,1.0000000000000002
readout,1,gaussian,sigma_0p24,Wide Gaussian,220.0,1.05,1.1363636363636362,1.1931818181818181,-255.6696945244608,0.9940479586413358,0.005952041358664089,1.3964523981613297e-16,0.9999999999999999
readout,1,gaussian,sigma_0p24,Wide Gaussian,300.0,1.05,0.8333333333333333,0.875,-255.6696945244608,0.9940370544226127,0.005962945577387254,4.7704895589362195e-17,1.0
readout,1,cosine,raised_cosine,Single-lobe cosine,12.0,1.05,20.833333333333332,21.875,-255.6696945244608,0.9939423917829299,0.006057608217070114,1.734723475976807e-17,1.0
readout,1,cosine,raised_cosine,Single-lobe cosine,16.0,1.05,15.624999999999998,16.406249999999996,-255.6696945244608,0.9939763025236078,0.006023697476392407,0.0,1.0000000000000002
readout,1,cosine,raised_cosine,Single-lobe cosine,20.0,1.05,12.5,13.125,-255.6696945244608,0.993989728078057,0.006010271921942892,1.4137996329210978e-16,0.9999999999999999
readout,1,cosine,raised_cosine,Single-lobe cosine,24.0,1.05,10.416666666666666,10.9375,-255.6696945244608,0.9939983201572895,0.006001679842710648,0.0,1.0000000000000002
readout,1,cosine,raised_cosine,Single-lobe cosine,32.0,1.05,7.812499999999999,8.203124999999998,-255.6696945244608,0.9940050558572057,0.00599494414279456,0.0,1.0000000000000002
readout,1,cosine,raised_cosine,Single-lobe cosine,40.0,1.05,6.25,6.5625,-255.6696945244608,0.9940081463260843,0.0059918536739155225,2.255140518769849e-16,0.9999999999999998
readout,1,cosine,raised_cosine,Single-lobe cosine,60.0,1.05,4.166666666666666,4.374999999999999,-255.6696945244608,0.9940124515786303,0.005987548421370011,0.0,1.0000000000000002
readout,1,cosine,raised_cosine,Single-lobe cosine,80.0,1.05,3.125,3.28125,-255.6696945244608,0.9940139569700878,0.005986043029912574,0.0,1.0000000000000004
readout,1,cosine,raised_cosine,Single-lobe cosine,120.0,1.05,2.083333333333333,2.1874999999999996,-255.6696945244608,0.9940142764969332,0.005985723503067038,0.0,1.0000000000000002
readout,1,cosine,raised_cosine,Single-lobe cosine,160.0,1.05,1.5625,1.640625,-255.6696945244608,0.9940140431449899,0.005985956855010057,7.546047120499111e-17,0.9999999999999999
readout,1,cosine,raised_cosine,Single-lobe cosine,220.0,1.05,1.1363636363636362,1.1931818181818181,-255.6696945244608,0.9940124030104743,0.0059875969895257595,0.0,1.0
readout,1,cosine,raised_cosine,Single-lobe cosine,300.0,1.05,0.8333333333333333,0.875,-255.6696945244608,0.993966719325586,0.006033280674414153,0.0,1.0000000000000002
readout,1,flat_top_cosine,ramp_0p25,Reference cosine ramp,12.0,1.05,20.833333333333332,21.875,-255.6696945244608,0.9940851087155084,0.005914891284491515,1.1535911115245767e-16,0.9999999999999999
readout,1,flat_top_cosine,ramp_0p15,Short cosine ramp,16.0,1.05,15.624999999999998,16.406249999999996,-255.6696945244608,0.9940937228187072,0.0059062771812927895,0.0,1.0
readout,1,flat_top_cosine,ramp_0p15,Short cosine ramp,20.0,1.05,12.5,13.125,-255.6696945244608,0.9940525095270502,0.0059474904729501085,0.0,1.0000000000000002
readout,1,flat_top_cosine,ramp_0p15,Short cosine ramp,24.0,1.05,10.416666666666666,10.9375,-255.6696945244608,0.9940285845365956,0.0059714154634039705,4.354155924701786e-16,0.9999999999999996
readout,1,flat_top_cosine,ramp_0p15,Short cosine ramp,32.0,1.05,7.812499999999999,8.203124999999998,-255.6696945244608,0.9940292655945829,0.005970734405416959,1.0755285551056204e-16,0.9999999999999999
readout,1,flat_top_cosine,ramp_0p15,Short cosine ramp,40.0,1.05,6.25,6.5625,-255.6696945244608,0.9940228210801954,0.005977178919804817,0.0,1.0000000000000002
readout,1,flat_top_cosine,ramp_0p35,Long cosine ramp,60.0,1.05,4.166666666666666,4.374999999999999,-255.6696945244608,0.9940169402971606,0.0059830597028393655,4.5102810375396984e-17,1.0
readout,1,flat_top_cosine,ramp_0p25,Reference cosine ramp,80.0,1.05,3.125,3.28125,-255.6696945244608,0.9940151322711519,0.005984867728848097,8.673617379884035e-19,1.0
readout,1,flat_top_cosine,ramp_0p25,Reference cosine ramp,120.0,1.05,2.083333333333333,2.1874999999999996,-255.6696945244608,0.9940148158505852,0.005985184149414675,1.708702623837155e-16,0.9999999999999998
readout,1,flat_top_cosine,ramp_0p35,Long cosine ramp,160.0,1.05,1.5625,1.640625,-255.6696945244608,0.9940148725229795,0.005985127477020419,9.454242944073599e-17,0.9999999999999999
readout,1,flat_top_cosine,ramp_0p35,Long cosine ramp,220.0,1.05,1.1363636363636362,1.1931818181818181,-255.6696945244608,0.9940132670813667,0.005986732918633349,0.0,1.0
readout,1,flat_top_cosine,ramp_0p25,Reference cosine ramp,300.0,1.05,0.8333333333333333,0.875,-255.6696945244608,0.9940105158421749,0.005989484157825037,3.903127820947816e-17,1.0
readout,1,flat_top_gaussian,ramp_0p15,Short Gaussian ramp,12.0,1.05,20.833333333333332,21.875,-255.6696945244608,0.9945528966636683,0.005447103336331587,1.0668549377257364e-16,0.9999999999999999
readout,1,flat_top_gaussian,ramp_0p15,Short Gaussian ramp,16.0,1.05,15.624999999999998,16.406249999999996,-255.6696945244608,0.994226727525192,0.005773272474808124,0.0,1.0000000000000002
readout,1,flat_top_gaussian,ramp_0p15,Short Gaussian ramp,20.0,1.05,12.5,13.125,-255.6696945244608,0.9940850669264374,0.0059149330735625795,3.209238430557093e-17,1.0
readout,1,flat_top_gaussian,ramp_0p35,Long Gaussian ramp,24.0,1.05,10.416666666666666,10.9375,-255.6696945244608,0.9940529018068517,0.00594709819314849,0.0,1.0000000000000002
readout,1,flat_top_gaussian,ramp_0p15,Short Gaussian ramp,32.0,1.05,7.812499999999999,8.203124999999998,-255.6696945244608,0.9940415861349122,0.005958413865087362,4.128641872824801e-16,0.9999999999999996
readout,1,flat_top_gaussian,ramp_0p35,Long Gaussian ramp,40.0,1.05,6.25,6.5625,-255.6696945244608,0.9940342943813388,0.005965705618661031,1.3444106938820255e-16,0.9999999999999999
readout,1,flat_top_gaussian,ramp_0p35,Long Gaussian ramp,60.0,1.05,4.166666666666666,4.374999999999999,-255.6696945244608,0.9940270383699435,0.005972961630056696,0.0,1.0000000000000002
readout,1,flat_top_gaussian,ramp_0p35,Long Gaussian ramp,80.0,1.05,3.125,3.28125,-255.6696945244608,0.9940236709574982,0.005976329042502206,0.0,1.0000000000000004
readout,1,flat_top_gaussian,ramp_0p35,Long Gaussian ramp,120.0,1.05,2.083333333333333,2.1874999999999996,-255.6696945244608,0.9940225240091818,0.005977475990818217,0.0,1.0
readout,1,flat_top_gaussian,ramp_0p35,Long Gaussian ramp,160.0,1.05,1.5625,1.640625,-255.6696945244608,0.9940200203019961,0.005979979698003681,2.203098814490545e-16,0.9999999999999998
readout,1,flat_top_gaussian,ramp_0p35,Long Gaussian ramp,220.0,1.05,1.1363636363636362,1.1931818181818181,-255.6696945244608,0.9940174054951249,0.005982594504875419,0.0,1.0000000000000002
readout,1,flat_top_gaussian,ramp_0p35,Long Gaussian ramp,300.0,1.05,0.8333333333333333,0.875,-255.6696945244608,0.9940138556119639,0.005986144388036478,0.0,1.0000000000000004
readout,1,smooth_bump,compact_bump,Compact-support smooth ramp,12.0,1.05,20.833333333333332,21.875,-255.6696945244608,0.9940085988643282,0.005991401135671789,0.0,1.0
readout,1,smooth_bump,compact_bump,Compact-support smooth ramp,16.0,1.05,15.624999999999998,16.406249999999996,-255.6696945244608,0.9940151236940875,0.0059848763059124266,6.331740687315346e-17,0.9999999999999999
readout,1,smooth_bump,compact_bump,Compact-support smooth ramp,20.0,1.05,12.5,13.125,-255.6696945244608,0.9940154546531612,0.0059845453468388285,0.0,1.0
readout,1,smooth_bump,compact_bump,Compact-support smooth ramp,24.0,1.05,10.416666666666666,10.9375,-255.6696945244608,0.9940152372812019,0.005984762718798158,0.0,1.0
readout,1,smooth_bump,compact_bump,Compact-support smooth ramp,32.0,1.05,7.812499999999999,8.203124999999998,-255.6696945244608,0.9940159122697199,0.005984087730279863,2.7755575615628914e-16,0.9999999999999998
readout,1,smooth_bump,compact_bump,Compact-support smooth ramp,40.0,1.05,6.25,6.5625,-255.6696945244608,0.9940157290526498,0.005984270947350347,0.0,1.0000000000000002
readout,1,smooth_bump,compact_bump,Compact-support smooth ramp,60.0,1.05,4.166666666666666,4.374999999999999,-255.6696945244608,0.9940146951750154,0.005985304824984565,3.9898639947466563e-17,1.0
readout,1,smooth_bump,compact_bump,Compact-support smooth ramp,80.0,1.05,3.125,3.28125,-255.6696945244608,0.994016153325523,0.005983846674477137,0.0,1.0
readout,1,smooth_bump,compact_bump,Compact-support smooth ramp,120.0,1.05,2.083333333333333,2.1874999999999996,-255.6696945244608,0.9940092995531647,0.005990700446835375,0.0,1.0000000000000002
readout,1,smooth_bump,compact_bump,Compact-support smooth ramp,160.0,1.05,1.5625,1.640625,-255.6696945244608,0.994015371966174,0.005984628033826172,0.0,1.0000000000000002
readout,1,smooth_bump,compact_bump,Compact-support smooth ramp,220.0,1.05,1.1363636363636362,1.1931818181818181,-255.6696945244608,0.9940156051483808,0.005984394851619275,0.0,1.0
readout,1,smooth_bump,compact_bump,Compact-support smooth ramp,300.0,1.05,0.8333333333333333,0.875,-255.6696945244608,0.9940160541192831,0.005983945880717051,0.0,1.0000000000000002
readout,1,blackman,blackman,Blackman window,12.0,1.05,20.833333333333332,21.875,-255.6696945244608,0.9940394925005209,0.005960507499479171,0.0,1.0
readout,1,blackman,blackman,Blackman window,16.0,1.05,15.624999999999998,16.406249999999996,-255.6696945244608,0.9940242905189287,0.005975709481071228,6.158268339717665e-17,0.9999999999999999
readout,1,blackman,blackman,Blackman window,20.0,1.05,12.5,13.125,-255.6696945244608,0.9940196069055162,0.005980393094484125,0.0,1.0000000000000002
readout,1,blackman,blackman,Blackman window,24.0,1.05,10.416666666666666,10.9375,-255.6696945244608,0.9940178202838851,0.005982179716114878,4.336808689942018e-17,1.0
readout,1,blackman,blackman,Blackman window,32.0,1.05,7.812499999999999,8.203124999999998,-255.6696945244608,0.9940171625720988,0.005982837427901401,0.0,1.0000000000000002
readout,1,blackman,blackman,Blackman window,40.0,1.05,6.25,6.5625,-255.6696945244608,0.9940157456991532,0.005984254300846498,3.157196726277789e-16,0.9999999999999997
readout,1,blackman,blackman,Blackman window,60.0,1.05,4.166666666666666,4.374999999999999,-255.6696945244608,0.9940151566504836,0.005984843349516698,0.0,1.0000000000000002
readout,1,blackman,blackman,Blackman window,80.0,1.05,3.125,3.28125,-255.6696945244608,0.9940154987391557,0.005984501260844392,0.0,1.0000000000000002
readout,1,blackman,blackman,Blackman window,120.0,1.05,2.083333333333333,2.1874999999999996,-255.6696945244608,0.9940157048622784,0.005984295137721865,0.0,1.0000000000000002
readout,1,blackman,blackman,Blackman window,160.0,1.05,1.5625,1.640625,-255.6696945244608,0.9940156251008986,0.005984374899101194,2.246466901389965e-16,0.9999999999999998
readout,1,blackman,blackman,Blackman window,220.0,1.05,1.1363636363636362,1.1931818181818181,-255.6696945244608,0.994014906844508,0.0059850931554919105,9.454242944073599e-17,0.9999999999999999
readout,1,blackman,blackman,Blackman window,300.0,1.05,0.8333333333333333,0.875,-255.6696945244608,0.9939942561048531,0.006005743895146773,8.066464163292153e-17,0.9999999999999999
readout,2,square,square,Constant envelope,12.0,1.05,14.731391274719737,15.467960838455726,-261.66969452446074,0.9969550566938922,0.0030449433061082902,0.0,1.0000000000000004
readout,2,square,square,Constant envelope,16.0,1.05,11.048543456039804,11.600970628841793,-261.66969452446074,0.996319850072514,0.003680149927485657,3.413068438984368e-16,0.9999999999999997
readout,2,square,square,Constant envelope,20.0,1.05,8.838834764831843,9.280776503073435,-261.66969452446074,0.9959103666903224,0.004089633309677643,0.0,1.0
readout,2,square,square,Constant envelope,24.0,1.05,7.3656956373598685,7.733980419227863,-261.66969452446074,0.9956227116720243,0.004377288327975762,0.0,1.0
readout,2,square,square,Constant envelope,32.0,1.05,5.524271728019902,5.8004853144208965,-261.66969452446074,0.9952496995717722,0.004750300428227649,1.222980050563649e-16,0.9999999999999999
readout,2,square,square,Constant envelope,40.0,1.05,4.419417382415921,4.640388251536717,-261.66969452446074,0.9950182722327992,0.0049817277672007864,6.331740687315346e-17,0.9999999999999999
readout,2,square,square,Constant envelope,60.0,1.05,2.9462782549439477,3.093592167691145,-261.66969452446074,0.9946954958129473,0.005304504187052811,0.0,1.0
readout,2,square,square,Constant envelope,80.0,1.05,2.2097086912079607,2.3201941257683587,-261.66969452446074,0.9945324631445828,0.00546753685541734,0.0,1.0
readout,2,square,square,Constant envelope,120.0,1.05,1.4731391274719738,1.5467960838455725,-261.66969452446074,0.9943605033464266,0.005639496653573628,0.0,1.0000000000000002
readout,2,square,square,Constant envelope,160.0,1.05,1.1048543456039803,1.1600970628841794,-261.66969452446074,0.9942727382592155,0.005727261740784408,1.205632815803881e-16,0.9999999999999999
readout,2,square,square,Constant envelope,220.0,1.05,0.8035304331665312,0.8437069548248578,-261.66969452446074,0.9941968675325772,0.00580313246742283,0.0,1.0
readout,2,square,square,Constant envelope,300.0,1.05,0.5892556509887895,0.618718433538229,-261.66969452446074,0.994161713722691,0.005838286277308691,2.888314587501384e-16,0.9999999999999997
readout,2,gaussian,sigma_0p24,Wide Gaussian,12.0,1.05,14.731391274719737,15.467960838455726,-261.66969452446074,0.9946790002151896,0.005320999784810421,0.0,1.0
readout,2,gaussian,sigma_0p24,Wide Gaussian,16.0,1.05,11.048543456039804,11.600970628841793,-261.66969452446074,0.9945208615301445,0.0054791384698554095,7.28583859910259e-17,0.9999999999999999
readout,2,gaussian,sigma_0p24,Wide Gaussian,20.0,1.05,8.838834764831843,9.280776503073435,-261.66969452446074,0.9944257496052171,0.0055742503947829435,0.0,1.0
readout,2,gaussian,sigma_0p24,Wide Gaussian,24.0,1.05,7.3656956373598685,7.733980419227863,-261.66969452446074,0.994360793120439,0.0056392068795610316,0.0,1.0
readout,2,gaussian,sigma_0p24,Wide Gaussian,32.0,1.05,5.524271728019902,5.8004853144208965,-261.66969452446074,0.994279532211525,0.005720467788475355,0.0,1.0000000000000004
readout,2,gaussian,sigma_0p24,Wide Gaussian,40.0,1.05,4.419417382415921,4.640388251536717,-261.66969452446074,0.9942300056541643,0.005769994345835907,0.0,1.0000000000000002
readout,2,gaussian,sigma_0p24,Wide Gaussian,60.0,1.05,2.9462782549439477,3.093592167691145,-261.66969452446074,0.9941669075188493,0.005833092481150831,0.0,1.0000000000000002
readout,2,gaussian,sigma_0p24,Wide Gaussian,80.0,1.05,2.2097086912079607,2.3201941257683587,-261.66969452446074,0.994132379752603,0.005867620247396768,1.8648277366750676e-16,0.9999999999999998
readout,2,gaussian,sigma_0p24,Wide Gaussian,120.0,1.05,1.4731391274719738,1.5467960838455725,-261.66969452446074,0.9940991279899573,0.005900872010042612,1.3357370765021415e-16,0.9999999999999999
readout,2,gaussian,sigma_0p24,Wide Gaussian,160.0,1.05,1.1048543456039803,1.1600970628841794,-261.66969452446074,0.994079130597487,0.0059208694025128135,2.0469737016526324e-16,0.9999999999999998
readout,2,gaussian,sigma_0p24,Wide Gaussian,220.0,1.05,0.8035304331665312,0.8437069548248578,-261.66969452446074,0.9940659031711205,0.005934096828879708,0.0,1.0000000000000002
readout,2,gaussian,sigma_0p24,Wide Gaussian,300.0,1.05,0.5892556509887895,0.618718433538229,-261.66969452446074,0.9940537506456125,0.005946249354387329,1.491862189340054e-16,0.9999999999999999
readout,2,cosine,raised_cosine,Single-lobe cosine,12.0,1.05,14.731391274719737,15.467960838455726,-261.66969452446074,0.9939525954552858,0.006047404544714035,1.6132928326584306e-16,0.9999999999999999
readout,2,cosine,raised_cosine,Single-lobe cosine,16.0,1.05,11.048543456039804,11.600970628841793,-261.66969452446074,0.9939895652711666,0.006010434728833395,5.204170427930421e-17,1.0
readout,2,cosine,raised_cosine,Single-lobe cosine,20.0,1.05,8.838834764831843,9.280776503073435,-261.66969452446074,0.9940054277209692,0.005994572279030725,4.9439619065339e-17,1.0
readout,2,cosine,raised_cosine,Single-lobe cosine,24.0,1.05,7.3656956373598685,7.733980419227863,-261.66969452446074,0.9940140495177556,0.005985950482244141,2.3245294578089215e-16,0.9999999999999998
readout,2,cosine,raised_cosine,Single-lobe cosine,32.0,1.05,5.524271728019902,5.8004853144208965,-261.66969452446074,0.9940218354271952,0.005978164572804736,1.9949319973733282e-17,1.0
readout,2,cosine,raised_cosine,Single-lobe cosine,40.0,1.05,4.419417382415921,4.640388251536717,-261.66969452446074,0.9940257173381036,0.005974282661896566,0.0,1.0000000000000002
readout,2,cosine,raised_cosine,Single-lobe cosine,60.0,1.05,2.9462782549439477,3.093592167691145,-261.66969452446074,0.9940305245515538,0.005969475448446246,0.0,1.0
readout,2,cosine,raised_cosine,Single-lobe cosine,80.0,1.05,2.2097086912079607,2.3201941257683587,-261.66969452446074,0.994031376411772,0.005968623588228114,0.0,1.0
readout,2,cosine,raised_cosine,Single-lobe cosine,120.0,1.05,1.4731391274719738,1.5467960838455725,-261.66969452446074,0.994032212880478,0.005967787119521894,5.637851296924623e-17,0.9999999999999999
readout,2,cosine,raised_cosine,Single-lobe cosine,160.0,1.05,1.1048543456039803,1.1600970628841794,-261.66969452446074,0.9940311115328107,0.0059688884671892884,5.984795992119984e-17,0.9999999999999999
readout,2,cosine,raised_cosine,Single-lobe cosine,220.0,1.05,0.8035304331665312,0.8437069548248578,-261.66969452446074,0.9940300224692642,0.005969977530735711,9.280770596475918e-17,0.9999999999999999
readout,2,cosine,raised_cosine,Single-lobe cosine,300.0,1.05,0.5892556509887895,0.618718433538229,-261.66969452446074,0.9940286113474033,0.005971388652596875,0.0,1.0000000000000002
readout,2,flat_top_cosine,ramp_0p25,Reference cosine ramp,12.0,1.05,14.731391274719737,15.467960838455726,-261.66969452446074,0.9940997493588953,0.00590025064110461,5.551115123125783e-17,1.0
readout,2,flat_top_cosine,ramp_0p15,Short cosine ramp,16.0,1.05,11.048543456039804,11.600970628841793,-261.66969452446074,0.9941077117844475,0.0058922882155528775,0.0,1.0000000000000004
readout,2,flat_top_cosine,ramp_0p15,Short cosine ramp,20.0,1.05,8.838834764831843,9.280776503073435,-261.66969452446074,0.9940684559304084,0.005931544069591944,0.0,1.0000000000000002
readout,2,flat_top_cosine,ramp_0p15,Short cosine ramp,24.0,1.05,7.3656956373598685,7.733980419227863,-261.66969452446074,0.9940490195593404,0.00595098044065964,0.0,1.0
readout,2,flat_top_cosine,ramp_0p15,Short cosine ramp,32.0,1.05,5.524271728019902,5.8004853144208965,-261.66969452446074,0.9940460331867643,0.005953966813235291,3.86843335142828e-16,0.9999999999999997
readout,2,flat_top_cosine,ramp_0p15,Short cosine ramp,40.0,1.05,4.419417382415921,4.640388251536717,-261.66969452446074,0.9940390890794978,0.0059609109205021465,6.938893903907228e-17,0.9999999999999999
readout,2,flat_top_cosine,ramp_0p15,Short cosine ramp,60.0,1.05,2.9462782549439477,3.093592167691145,-261.66969452446074,0.9940354222326838,0.00596457776731632,0.0,1.0000000000000002
readout,2,flat_top_cosine,ramp_0p35,Long cosine ramp,80.0,1.05,2.2097086912079607,2.3201941257683587,-261.66969452446074,0.9940338616362404,0.005966138363759532,5.551115123125783e-17,1.0
readout,2,flat_top_cosine,ramp_0p35,Long cosine ramp,120.0,1.05,1.4731391274719738,1.5467960838455725,-261.66969452446074,0.9940335782096854,0.005966421790314461,1.3010426069826053e-16,0.9999999999999999
readout,2,flat_top_cosine,ramp_0p35,Long cosine ramp,160.0,1.05,1.1048543456039803,1.1600970628841794,-261.66969452446074,0.9940322831962721,0.0059677168037278175,5.637851296924623e-17,0.9999999999999999
readout,2,flat_top_cosine,ramp_0p35,Long cosine ramp,220.0,1.05,0.8035304331665312,0.8437069548248578,-261.66969452446074,0.9940316001368881,0.005968399863112211,0.0,1.0000000000000002
readout,2,flat_top_cosine,ramp_0p25,Reference cosine ramp,300.0,1.05,0.5892556509887895,0.618718433538229,-261.66969452446074,0.9940280935843577,0.005971906415642091,1.7867651802561113e-16,0.9999999999999998
readout,2,flat_top_gaussian,ramp_0p15,Short Gaussian ramp,12.0,1.05,14.731391274719737,15.467960838455726,-261.66969452446074,0.9945730802392915,0.005426919760708729,0.0,1.0000000000000002
readout,2,flat_top_gaussian,ramp_0p15,Short Gaussian ramp,16.0,1.05,11.048543456039804,11.600970628841793,-261.66969452446074,0.9942468554463735,0.005753144553626514,6.938893903907228e-18,1.0
readout,2,flat_top_gaussian,ramp_0p15,Short Gaussian ramp,20.0,1.05,8.838834764831843,9.280776503073435,-261.66969452446074,0.9941053660193858,0.0058946339806139735,2.0990154059319366e-16,0.9999999999999998
readout,2,flat_top_gaussian,ramp_0p35,Long Gaussian ramp,24.0,1.05,7.3656956373598685,7.733980419227863,-261.66969452446074,0.994070432186441,0.005929567813559078,0.0,1.0
readout,2,flat_top_gaussian,ramp_0p15,Short Gaussian ramp,32.0,1.05,5.524271728019902,5.8004853144208965,-261.66969452446074,0.994059208696934,0.005940791303065909,1.0842021724855044e-16,0.9999999999999999
readout,2,flat_top_gaussian,ramp_0p35,Long Gaussian ramp,40.0,1.05,4.419417382415921,4.640388251536717,-261.66969452446074,0.994051594434799,0.0059484055652012325,0.0,1.0000000000000002
readout,2,flat_top_gaussian,ramp_0p35,Long Gaussian ramp,60.0,1.05,2.9462782549439477,3.093592167691145,-261.66969452446074,0.9940464145824011,0.00595358541759943,0.0,1.0000000000000004
readout,2,flat_top_gaussian,ramp_0p35,Long Gaussian ramp,80.0,1.05,2.2097086912079607,2.3201941257683587,-261.66969452446074,0.9940417889023053,0.005958211097694918,0.0,1.0000000000000002
readout,2,flat_top_gaussian,ramp_0p35,Long Gaussian ramp,120.0,1.05,1.4731391274719738,1.5467960838455725,-261.66969452446074,0.9940396140378797,0.005960385962120031,3.0964814046186007e-16,0.9999999999999997
readout,2,flat_top_gaussian,ramp_0p35,Long Gaussian ramp,160.0,1.05,1.1048543456039803,1.1600970628841794,-261.66969452446074,0.9940367958210987,0.005963204178900978,3.0444397003392965e-16,0.9999999999999997
readout,2,flat_top_gaussian,ramp_0p35,Long Gaussian ramp,220.0,1.05,0.8035304331665312,0.8437069548248578,-261.66969452446074,0.9940346907322325,0.005965309267767215,2.896988204881268e-16,0.9999999999999997
readout,2,flat_top_gaussian,ramp_0p35,Long Gaussian ramp,300.0,1.05,0.5892556509887895,0.618718433538229,-261.66969452446074,0.9940326210473237,0.0059673789526762866,7.806255641895632e-18,1.0
readout,2,smooth_bump,compact_bump,Compact-support smooth ramp,12.0,1.05,14.731391274719737,15.467960838455726,-261.66969452446074,0.9940259483313921,0.005974051668607682,1.8908485888147197e-16,0.9999999999999998
readout,2,smooth_bump,compact_bump,Compact-support smooth ramp,16.0,1.05,11.048543456039804,11.600970628841793,-261.66969452446074,0.9940327825887171,0.005967217411283082,0.0,1.0000000000000002
readout,2,smooth_bump,compact_bump,Compact-support smooth ramp,20.0,1.05,8.838834764831843,9.280776503073435,-261.66969452446074,0.9940330848719641,0.005966915128036106,0.0,1.0000000000000002
readout,2,smooth_bump,compact_bump,Compact-support smooth ramp,24.0,1.05,7.3656956373598685,7.733980419227863,-261.66969452446074,0.9940331441553246,0.005966855844675583,0.0,1.0000000000000002
readout,2,smooth_bump,compact_bump,Compact-support smooth ramp,32.0,1.05,5.524271728019902,5.8004853144208965,-261.66969452446074,0.9940331200129139,0.00596687998708624,0.0,1.0000000000000002
readout,2,smooth_bump,compact_bump,Compact-support smooth ramp,40.0,1.05,4.419417382415921,4.640388251536717,-261.66969452446074,0.9940330988271282,0.0059669011728719,0.0,1.0
readout,2,smooth_bump,compact_bump,Compact-support smooth ramp,60.0,1.05,2.9462782549439477,3.093592167691145,-261.66969452446074,0.9940328551741803,0.005967144825819561,1.6479873021779667e-16,0.9999999999999999
readout,2,smooth_bump,compact_bump,Compact-support smooth ramp,80.0,1.05,2.2097086912079607,2.3201941257683587,-261.66969452446074,0.9940324604137591,0.005967539586240788,6.765421556309548e-17,0.9999999999999999
readout,2,smooth_bump,compact_bump,Compact-support smooth ramp,120.0,1.05,1.4731391274719738,1.5467960838455725,-261.66969452446074,0.9940324345701834,0.005967565429816399,1.8041124150158794e-16,0.9999999999999998
readout,2,smooth_bump,compact_bump,Compact-support smooth ramp,160.0,1.05,1.1048543456039803,1.1600970628841794,-261.66969452446074,0.9940335986732837,0.0059664013267159985,3.3219954564955856e-16,0.9999999999999997
readout,2,smooth_bump,compact_bump,Compact-support smooth ramp,220.0,1.05,0.8035304331665312,0.8437069548248578,-261.66969452446074,0.9940362939916035,0.005963706008396263,2.0036056147532122e-16,0.9999999999999998
readout,2,smooth_bump,compact_bump,Compact-support smooth ramp,300.0,1.05,0.5892556509887895,0.618718433538229,-261.66969452446074,0.9940352731238618,0.005964726876138073,1.7607443281164592e-16,0.9999999999999998
readout,2,blackman,blackman,Blackman window,12.0,1.05,14.731391274719737,15.467960838455726,-261.66969452446074,0.9940576502664729,0.005942349733527594,0.0,1.0000000000000004
readout,2,blackman,blackman,Blackman window,16.0,1.05,11.048543456039804,11.600970628841793,-261.66969452446074,0.9940420966820989,0.005957903317900988,1.48318857196017e-16,0.9999999999999999
readout,2,blackman,blackman,Blackman window,20.0,1.05,8.838834764831843,9.280776503073435,-261.66969452446074,0.9940375240399628,0.005962475960037044,1.3964523981613297e-16,0.9999999999999999
readout,2,blackman,blackman,Blackman window,24.0,1.05,7.3656956373598685,7.733980419227863,-261.66969452446074,0.9940355984035579,0.005964401596442159,0.0,1.0
readout,2,blackman,blackman,Blackman window,32.0,1.05,5.524271728019902,5.8004853144208965,-261.66969452446074,0.9940344814887907,0.005965518511209603,0.0,1.0000000000000002
readout,2,blackman,blackman,Blackman window,40.0,1.05,4.419417382415921,4.640388251536717,-261.66969452446074,0.9940339584163081,0.005966041583691764,8.586881206085195e-17,0.9999999999999999
readout,2,blackman,blackman,Blackman window,60.0,1.05,2.9462782549439477,3.093592167691145,-261.66969452446074,0.9940329754913887,0.005967024508611672,0.0,1.0000000000000004
readout,2,blackman,blackman,Blackman window,80.0,1.05,2.2097086912079607,2.3201941257683587,-261.66969452446074,0.9940343545260947,0.005965645473905168,1.5525775109992423e-16,0.9999999999999999
readout,2,blackman,blackman,Blackman window,120.0,1.05,1.4731391274719738,1.5467960838455725,-261.66969452446074,0.994031939743407,0.005968060256592967,5.4643789493269423e-17,1.0
readout,2,blackman,blackman,Blackman window,160.0,1.05,1.1048543456039803,1.1600970628841794,-261.66969452446074,0.9940333459445714,0.005966654055428464,1.5785983631388945e-16,0.9999999999999999
readout,2,blackman,blackman,Blackman window,220.0,1.05,0.8035304331665312,0.8437069548248578,-261.66969452446074,0.9940326222945528,0.005967377705447282,0.0,1.0
readout,2,blackman,blackman,Blackman window,300.0,1.05,0.5892556509887895,0.618718433538229,-261.66969452446074,0.993996860082532,0.00600313991746771,3.2699537522162814e-16,0.9999999999999997
readout,3,square,square,Constant envelope,12.0,1.05,12.028130608117204,12.629537138523064,-267.6696945244608,0.9969588478881217,0.003041152111878383,0.0,1.0
readout,3,square,square,Constant envelope,16.0,1.05,9.021097956087901,9.472152853892299,-267.6696945244608,0.9963265646361359,0.0036734353638642244,0.0,1.0000000000000002
readout,3,square,square,Constant envelope,20.0,1.05,7.216878364870323,7.577722283113839,-267.6696945244608,0.9959195596948514,0.004080440305148725,0.0,1.0
readout,3,square,square,Constant envelope,24.0,1.05,6.014065304058602,6.314768569261532,-267.6696945244608,0.9956342217607274,0.00436577823927254,1.0408340855860843e-16,0.9999999999999999
readout,3,square,square,Constant envelope,32.0,1.05,4.510548978043951,4.736076426946149,-267.6696945244608,0.9952606995974255,0.004739300402574086,4.44956571588051e-16,0.9999999999999996
readout,3,square,square,Constant envelope,40.0,1.05,3.6084391824351614,3.7888611415569193,-267.6696945244608,0.9950257863796456,0.00497421362035457,0.0,1.0000000000000002
readout,3,square,square,Constant envelope,60.0,1.05,2.40562612162344,2.5259074277046123,-267.6696945244608,0.9947000447376668,0.005299955262333085,9.280770596475918e-17,0.9999999999999999
readout,3,square,square,Constant envelope,80.0,1.05,1.8042195912175807,1.8944305707784597,-267.6696945244608,0.9945479420371439,0.005452057962855945,1.3791051634015616e-16,0.9999999999999999
readout,3,square,square,Constant envelope,120.0,1.05,1.20281306081172,1.2629537138523061,-267.6696945244608,0.9943779051900966,0.005622094809903237,1.5178830414797062e-16,0.9999999999999999
readout,3,square,square,Constant envelope,160.0,1.05,0.9021097956087903,0.9472152853892298,-267.6696945244608,0.9942906406421482,0.005709359357851602,1.708702623837155e-16,0.9999999999999998
readout,3,square,square,Constant envelope,220.0,1.05,0.6560798513518474,0.6888838439194398,-267.6696945244608,0.9942139380789876,0.00578606192101246,0.0,1.0
readout,3,square,square,Constant envelope,300.0,1.05,0.48112522432468807,0.5051814855409225,-267.6696945244608,0.9941024358568219,0.005897564143177745,3.5735303605122226e-16,0.9999999999999997
readout,3,gaussian,sigma_0p24,Wide Gaussian,12.0,1.05,12.028130608117204,12.629537138523064,-267.6696945244608,0.9946922440595477,0.0053077559404521475,1.491862189340054e-16,0.9999999999999999
readout,3,gaussian,sigma_0p24,Wide Gaussian,16.0,1.05,9.021097956087901,9.472152853892299,-267.6696945244608,0.994535999543214,0.00546400045678592,4.683753385137379e-17,1.0
readout,3,gaussian,sigma_0p24,Wide Gaussian,20.0,1.05,7.216878364870323,7.577722283113839,-267.6696945244608,0.9944425721842434,0.0055574278157568425,0.0,1.0000000000000002
readout,3,gaussian,sigma_0p24,Wide Gaussian,24.0,1.05,6.014065304058602,6.314768569261532,-267.6696945244608,0.9943779123761365,0.0056220876238636695,0.0,1.0000000000000002
readout,3,gaussian,sigma_0p24,Wide Gaussian,32.0,1.05,4.510548978043951,4.736076426946149,-267.6696945244608,0.9942971635122524,0.005702836487747405,2.0383000842727483e-16,0.9999999999999998
readout,3,gaussian,sigma_0p24,Wide Gaussian,40.0,1.05,3.6084391824351614,3.7888611415569193,-267.6696945244608,0.9942478170515997,0.0057521829483999625,3.3480163086352377e-16,0.9999999999999997
readout,3,gaussian,sigma_0p24,Wide Gaussian,60.0,1.05,2.40562612162344,2.5259074277046123,-267.6696945244608,0.9941855430851542,0.00581445691484598,0.0,1.0000000000000002
readout,3,gaussian,sigma_0p24,Wide Gaussian,80.0,1.05,1.8042195912175807,1.8944305707784597,-267.6696945244608,0.9941527073918615,0.005847292608138635,0.0,1.0
readout,3,gaussian,sigma_0p24,Wide Gaussian,120.0,1.05,1.20281306081172,1.2629537138523061,-267.6696945244608,0.99411571458564,0.005884285414359986,4.9439619065339e-17,1.0
readout,3,gaussian,sigma_0p24,Wide Gaussian,160.0,1.05,0.9021097956087903,0.9472152853892298,-267.6696945244608,0.9941000113237938,0.005899988676206255,0.0,1.0
readout,3,gaussian,sigma_0p24,Wide Gaussian,220.0,1.05,0.6560798513518474,0.6888838439194398,-267.6696945244608,0.9940848998933506,0.005915100106649537,0.0,1.0000000000000002
readout,3,gaussian,sigma_0p24,Wide Gaussian,300.0,1.05,0.48112522432468807,0.5051814855409225,-267.6696945244608,0.994074177908754,0.005925822091246346,0.0,1.0000000000000002
readout,3,cosine,raised_cosine,Single-lobe cosine,12.0,1.05,12.028130608117204,12.629537138523064,-267.6696945244608,0.9939643308045976,0.006035669195402238,1.9949319973733282e-16,0.9999999999999998
readout,3,cosine,raised_cosine,Single-lobe cosine,16.0,1.05,9.021097956087901,9.472152853892299,-267.6696945244608,0.9940042702763293,0.0059957297236707535,0.0,1.0
readout,3,cosine,raised_cosine,Single-lobe cosine,20.0,1.05,7.216878364870323,7.577722283113839,-267.6696945244608,0.9940227092738165,0.005977290726183189,2.8189256484623115e-16,0.9999999999999997
readout,3,cosine,raised_cosine,Single-lobe cosine,24.0,1.05,6.014065304058602,6.314768569261532,-267.6696945244608,0.9940318480233282,0.005968151976671968,0.0,1.0000000000000002
readout,3,cosine,raised_cosine,Single-lobe cosine,32.0,1.05,4.510548978043951,4.736076426946149,-267.6696945244608,0.9940407638361435,0.005959236163856572,0.0,1.0
readout,3,cosine,raised_cosine,Single-lobe cosine,40.0,1.05,3.6084391824351614,3.7888611415569193,-267.6696945244608,0.9940447052778575,0.00595529472214241,1.0234868508263162e-16,0.9999999999999999
readout,3,cosine,raised_cosine,Single-lobe cosine,60.0,1.05,2.40562612162344,2.5259074277046123,-267.6696945244608,0.99404962066059,0.005950379339410019,0.0,1.0
readout,3,cosine,raised_cosine,Single-lobe cosine,80.0,1.05,1.8042195912175807,1.8944305707784597,-267.6696945244608,0.9940508451117624,0.005949154888237321,2.2985086056692694e-16,0.9999999999999998
readout,3,cosine,raised_cosine,Single-lobe cosine,120.0,1.05,1.20281306081172,1.2629537138523061,-267.6696945244608,0.994051161900031,0.005948838099969304,0.0,1.0000000000000002
readout,3,cosine,raised_cosine,Single-lobe cosine,160.0,1.05,0.9021097956087903,0.9472152853892298,-267.6696945244608,0.994050723253922,0.005949276746077752,2.8362728832220796e-16,0.9999999999999997
readout,3,cosine,raised_cosine,Single-lobe cosine,220.0,1.05,0.6560798513518474,0.6888838439194398,-267.6696945244608,0.9940491741981572,0.005950825801843149,0.0,1.0000000000000004
readout,3,cosine,raised_cosine,Single-lobe cosine,300.0,1.05,0.48112522432468807,0.5051814855409225,-267.6696945244608,0.9940474499116958,0.005952550088303762,4.36282954208167e-16,0.9999999999999996
readout,3,flat_top_cosine,ramp_0p25,Reference cosine ramp,12.0,1.05,12.028130608117204,12.629537138523064,-267.6696945244608,0.9941164588787892,0.005883541121210941,0.0,1.0000000000000002
readout,3,flat_top_cosine,ramp_0p15,Short cosine ramp,16.0,1.05,9.021097956087901,9.472152853892299,-267.6696945244608,0.9941229332948347,0.005877066705165661,0.0,1.0000000000000004
readout,3,flat_top_cosine,ramp_0p15,Short cosine ramp,20.0,1.05,7.216878364870323,7.577722283113839,-267.6696945244608,0.994085997486533,0.005914002513466723,2.419939248987646e-16,0.9999999999999998
readout,3,flat_top_cosine,ramp_0p15,Short cosine ramp,24.0,1.05,6.014065304058602,6.314768569261532,-267.6696945244608,0.9940675579811743,0.005932442018825706,0.0,1.0
readout,3,flat_top_cosine,ramp_0p15,Short cosine ramp,32.0,1.05,4.510548978043951,4.736076426946149,-267.6696945244608,0.9940664069916241,0.005933593008375646,2.8015784137025435e-16,0.9999999999999997
readout,3,flat_top_cosine,ramp_0p15,Short cosine ramp,40.0,1.05,3.6084391824351614,3.7888611415569193,-267.6696945244608,0.9940592597970622,0.005940740202937968,0.0,1.0000000000000002
readout,3,flat_top_cosine,ramp_0p15,Short cosine ramp,60.0,1.05,2.40562612162344,2.5259074277046123,-267.6696945244608,0.9940547053813639,0.005945294618636409,0.0,1.0000000000000002
readout,3,flat_top_cosine,ramp_0p35,Long cosine ramp,80.0,1.05,1.8042195912175807,1.8944305707784597,-267.6696945244608,0.9940527745597055,0.005947225440294486,0.0,1.0
readout,3,flat_top_cosine,ramp_0p35,Long cosine ramp,120.0,1.05,1.20281306081172,1.2629537138523061,-267.6696945244608,0.9940525413951408,0.005947458604859202,3.2959746043559335e-17,1.0
readout,3,flat_top_cosine,ramp_0p25,Reference cosine ramp,160.0,1.05,0.9021097956087903,0.9472152853892298,-267.6696945244608,0.9940509116600132,0.00594908833998685,0.0,1.0
readout,3,flat_top_cosine,ramp_0p15,Short cosine ramp,220.0,1.05,0.6560798513518474,0.6888838439194398,-267.6696945244608,0.9940485593690461,0.005951440630953858,1.6479873021779667e-17,1.0
readout,3,flat_top_cosine,ramp_0p35,Long cosine ramp,300.0,1.05,0.48112522432468807,0.5051814855409225,-267.6696945244608,0.9940479518033717,0.005952048196628425,0.0,1.0000000000000002
readout,3,flat_top_gaussian,ramp_0p15,Short Gaussian ramp,12.0,1.05,12.028130608117204,12.629537138523064,-267.6696945244608,0.9945931257800364,0.005406874219963788,0.0,1.0000000000000002
readout,3,flat_top_gaussian,ramp_0p15,Short Gaussian ramp,16.0,1.05,9.021097956087901,9.472152853892299,-267.6696945244608,0.9942678228770434,0.005732177122956489,1.0495077029659683e-16,0.9999999999999999
readout,3,flat_top_gaussian,ramp_0p15,Short Gaussian ramp,20.0,1.05,7.216878364870323,7.577722283113839,-267.6696945244608,0.994124671233789,0.005875328766211015,0.0,1.0
readout,3,flat_top_gaussian,ramp_0p35,Long Gaussian ramp,24.0,1.05,6.014065304058602,6.314768569261532,-267.6696945244608,0.9940893587423089,0.00591064125769106,8.066464163292153e-17,0.9999999999999999
readout,3,flat_top_gaussian,ramp_0p15,Short Gaussian ramp,32.0,1.05,4.510548978043951,4.736076426946149,-267.6696945244608,0.9940794761606475,0.005920523839352539,0.0,1.0
readout,3,flat_top_gaussian,ramp_0p35,Long Gaussian ramp,40.0,1.05,3.6084391824351614,3.7888611415569193,-267.6696945244608,0.9940711392050113,0.005928860794988771,0.0,1.0
readout,3,flat_top_gaussian,ramp_0p35,Long Gaussian ramp,60.0,1.05,2.40562612162344,2.5259074277046123,-267.6696945244608,0.9940656278660489,0.00593437213395122,0.0,1.0000000000000002
readout,3,flat_top_gaussian,ramp_0p35,Long Gaussian ramp,80.0,1.05,1.8042195912175807,1.8944305707784597,-267.6696945244608,0.9940618363336214,0.005938163666378439,1.205632815803881e-16,0.9999999999999999
readout,3,flat_top_gaussian,ramp_0p35,Long Gaussian ramp,120.0,1.05,1.20281306081172,1.2629537138523061,-267.6696945244608,0.9940589032337539,0.005941096766245965,1.3617579286417936e-16,0.9999999999999999
readout,3,flat_top_gaussian,ramp_0p15,Short Gaussian ramp,160.0,1.05,0.9021097956087903,0.9472152853892298,-267.6696945244608,0.9940538085367447,0.0059461914632554435,0.0,1.0000000000000002
readout,3,flat_top_gaussian,ramp_0p35,Long Gaussian ramp,220.0,1.05,0.6560798513518474,0.6888838439194398,-267.6696945244608,0.9940541870843326,0.005945812915667182,2.437286483747414e-16,0.9999999999999998
readout,3,flat_top_gaussian,ramp_0p35,Long Gaussian ramp,300.0,1.05,0.48112522432468807,0.5051814855409225,-267.6696945244608,0.9940526561272903,0.005947343872709668,7.806255641895632e-18,1.0
readout,3,smooth_bump,compact_bump,Compact-support smooth ramp,12.0,1.05,12.028130608117204,12.629537138523064,-267.6696945244608,0.9940457818079276,0.005954218192072425,0.0,1.0
readout,3,smooth_bump,compact_bump,Compact-support smooth ramp,16.0,1.05,9.021097956087901,9.472152853892299,-267.6696945244608,0.9940518246057172,0.005948175394283,0.0,1.0000000000000002
readout,3,smooth_bump,compact_bump,Compact-support smooth ramp,20.0,1.05,7.216878364870323,7.577722283113839,-267.6696945244608,0.9940521687516716,0.0059478312483286925,0.0,1.0000000000000002
readout,3,smooth_bump,compact_bump,Compact-support smooth ramp,24.0,1.05,6.014065304058602,6.314768569261532,-267.6696945244608,0.9940525464019516,0.005947453598048292,8.760353553682876e-17,0.9999999999999999
readout,3,smooth_bump,compact_bump,Compact-support smooth ramp,32.0,1.05,4.510548978043951,4.736076426946149,-267.6696945244608,0.9940525050038131,0.0059474949961869725,0.0,1.0000000000000002
readout,3,smooth_bump,compact_bump,Compact-support smooth ramp,40.0,1.05,3.6084391824351614,3.7888611415569193,-267.6696945244608,0.9940535307228713,0.0059464692771286605,5.811323644522304e-17,0.9999999999999999
readout,3,smooth_bump,compact_bump,Compact-support smooth ramp,60.0,1.05,2.40562612162344,2.5259074277046123,-267.6696945244608,0.9940534018866239,0.005946598113375978,7.806255641895632e-17,0.9999999999999999
readout,3,smooth_bump,compact_bump,Compact-support smooth ramp,80.0,1.05,1.8042195912175807,1.8944305707784597,-267.6696945244608,0.9940509948458709,0.005949005154129175,0.0,1.0
readout,3,smooth_bump,compact_bump,Compact-support smooth ramp,120.0,1.05,1.20281306081172,1.2629537138523061,-267.6696945244608,0.9940525936083356,0.005947406391664375,0.0,1.0
readout,3,smooth_bump,compact_bump,Compact-support smooth ramp,160.0,1.05,0.9021097956087903,0.9472152853892298,-267.6696945244608,0.9940513651840795,0.0059486348159205425,0.0,1.0
readout,3,smooth_bump,compact_bump,Compact-support smooth ramp,220.0,1.05,0.6560798513518474,0.6888838439194398,-267.6696945244608,0.99405224533646,0.0059477546635398155,2.1250362580715887e-16,0.9999999999999998
readout,3,smooth_bump,compact_bump,Compact-support smooth ramp,300.0,1.05,0.48112522432468807,0.5051814855409225,-267.6696945244608,0.9940508883868303,0.005949111613169849,0.0,1.0000000000000002
readout,3,blackman,blackman,Blackman window,12.0,1.05,12.028130608117204,12.629537138523064,-267.6696945244608,0.9940768836012429,0.005923116398757336,0.0,1.0000000000000002
readout,3,blackman,blackman,Blackman window,16.0,1.05,9.021097956087901,9.472152853892299,-267.6696945244608,0.9940612759763084,0.00593872402369166,0.0,1.0
readout,3,blackman,blackman,Blackman window,20.0,1.05,7.216878364870323,7.577722283113839,-267.6696945244608,0.9940567530994859,0.0059432469005139795,8.586881206085195e-17,0.9999999999999999
readout,3,blackman,blackman,Blackman window,24.0,1.05,6.014065304058602,6.314768569261532,-267.6696945244608,0.9940548693202707,0.0059451306797291825,1.6653345369377348e-16,0.9999999999999998
readout,3,blackman,blackman,Blackman window,32.0,1.05,4.510548978043951,4.736076426946149,-267.6696945244608,0.9940533929819098,0.005946607018089902,3.41740524767431e-16,0.9999999999999997
readout,3,blackman,blackman,Blackman window,40.0,1.05,3.6084391824351614,3.7888611415569193,-267.6696945244608,0.9940535661675198,0.005946433832480333,0.0,1.0000000000000002
readout,3,blackman,blackman,Blackman window,60.0,1.05,2.40562612162344,2.5259074277046123,-267.6696945244608,0.9940522815678863,0.005947718432113883,0.0,1.0000000000000002
readout,3,blackman,blackman,Blackman window,80.0,1.05,1.8042195912175807,1.8944305707784597,-267.6696945244608,0.9940531650878628,0.005946834912137167,4.423544863740858e-17,1.0
readout,3,blackman,blackman,Blackman window,120.0,1.05,1.20281306081172,1.2629537138523061,-267.6696945244608,0.9940521750634003,0.005947824936599938,0.0,1.0000000000000002
readout,3,blackman,blackman,Blackman window,160.0,1.05,0.9021097956087903,0.9472152853892298,-267.6696945244608,0.9940532402572878,0.005946759742712266,0.0,1.0
readout,3,blackman,blackman,Blackman window,220.0,1.05,0.6560798513518474,0.6888838439194398,-267.6696945244608,0.9940519844961001,0.0059480155038998915,3.469446951953614e-18,1.0
readout,3,blackman,blackman,Blackman window,300.0,1.05,0.48112522432468807,0.5051814855409225,-267.6696945244608,0.9940500224541874,0.0059499775458127764,0.0,1.0000000000000002
storage,1,square,square,Constant envelope,12.0,1.05,20.833333333333332,21.875,-255.6696945244608,0.9969520050030979,0.0030479949969023476,0.0,1.0000000000000002
storage,1,square,square,Constant envelope,16.0,1.05,15.624999999999998,16.406249999999996,-255.6696945244608,0.9963150836171217,0.0036849163828782993,0.0,1.0
storage,1,square,square,Constant envelope,20.0,1.05,12.5,13.125,-255.6696945244608,0.9959014597561773,0.004098540243822717,6.938893903907228e-18,1.0
storage,1,square,square,Constant envelope,24.0,1.05,10.416666666666666,10.9375,-255.6696945244608,0.995611682303993,0.004388317696007044,0.0,1.0
storage,1,square,square,Constant envelope,32.0,1.05,7.812499999999999,8.203124999999998,-255.6696945244608,0.9952352585630299,0.0047647414369699215,2.220446049250313e-16,0.9999999999999998
storage,1,square,square,Constant envelope,40.0,1.05,6.25,6.5625,-255.6696945244608,0.9950049281851129,0.0049950718148873965,0.0,1.0000000000000002
storage,1,square,square,Constant envelope,60.0,1.05,4.166666666666666,4.374999999999999,-255.6696945244608,0.9946814796789613,0.00531852032103914,0.0,1.0000000000000004
storage,1,square,square,Constant envelope,80.0,1.05,3.125,3.28125,-255.6696945244608,0.9945173724311848,0.005482627568814968,2.671474153004283e-16,0.9999999999999998
storage,1,square,square,Constant envelope,120.0,1.05,2.083333333333333,2.1874999999999996,-255.6696945244608,0.994345874691788,0.005654125308212017,0.0,1.0
storage,1,square,square,Constant envelope,160.0,1.05,1.5625,1.640625,-255.6696945244608,0.9942569100407835,0.005743089959216463,0.0,1.0
storage,1,square,square,Constant envelope,220.0,1.05,1.1363636363636362,1.1931818181818181,-255.6696945244608,0.9941798693798053,0.005820130620194834,0.0,1.0000000000000002
storage,1,square,square,Constant envelope,300.0,1.05,0.8333333333333333,0.875,-255.6696945244608,0.9941437060636844,0.0058562939363157734,0.0,1.0000000000000002
storage,1,gaussian,sigma_0p24,Wide Gaussian,12.0,1.05,20.833333333333332,21.875,-255.6696945244608,0.9946670179580293,0.005332982041970869,0.0,1.0000000000000002
storage,1,gaussian,sigma_0p24,Wide Gaussian,16.0,1.05,15.624999999999998,16.406249999999996,-255.6696945244608,0.9945063553902321,0.005493644609768079,0.0,1.0000000000000002
storage,1,gaussian,sigma_0p24,Wide Gaussian,20.0,1.05,12.5,13.125,-255.6696945244608,0.9944103438606076,0.005589656139392312,1.2836953722228372e-16,0.9999999999999999
storage,1,gaussian,sigma_0p24,Wide Gaussian,24.0,1.05,10.416666666666666,10.9375,-255.6696945244608,0.9943454229089365,0.005654577091063743,0.0,1.0000000000000002
storage,1,gaussian,sigma_0p24,Wide Gaussian,32.0,1.05,7.812499999999999,8.203124999999998,-255.6696945244608,0.9942632332940509,0.005736766705948964,1.726049858596923e-16,0.9999999999999998
storage,1,gaussian,sigma_0p24,Wide Gaussian,40.0,1.05,6.25,6.5625,-255.6696945244608,0.9942135557848902,0.005786444215109517,2.480654570646834e-16,0.9999999999999998
storage,1,gaussian,sigma_0p24,Wide Gaussian,60.0,1.05,4.166666666666666,4.374999999999999,-255.6696945244608,0.9941492270922867,0.005850772907713207,9.020562075079397e-17,0.9999999999999999
storage,1,gaussian,sigma_0p24,Wide Gaussian,80.0,1.05,3.125,3.28125,-255.6696945244608,0.9941162679117848,0.005883732088215392,0.0,1.0000000000000002
storage,1,gaussian,sigma_0p24,Wide Gaussian,120.0,1.05,2.083333333333333,2.1874999999999996,-255.6696945244608,0.9940819511853323,0.005918048814667871,0.0,1.0000000000000002
storage,1,gaussian,sigma_0p24,Wide Gaussian,160.0,1.05,1.5625,1.640625,-255.6696945244608,0.9940623727183759,0.005937627281624212,0.0,1.0000000000000002
storage,1,gaussian,sigma_0p24,Wide Gaussian,220.0,1.05,1.1363636363636362,1.1931818181818181,-255.6696945244608,0.9940479586413358,0.005952041358664089,1.3964523981613297e-16,0.9999999999999999
storage,1,gaussian,sigma_0p24,Wide Gaussian,300.0,1.05,0.8333333333333333,0.875,-255.6696945244608,0.9940370544226127,0.005962945577387254,4.7704895589362195e-17,1.0
storage,1,cosine,raised_cosine,Single-lobe cosine,12.0,1.05,20.833333333333332,21.875,-255.6696945244608,0.9939423917829299,0.006057608217070114,1.734723475976807e-17,1.0
storage,1,cosine,raised_cosine,Single-lobe cosine,16.0,1.05,15.624999999999998,16.406249999999996,-255.6696945244608,0.9939763025236078,0.006023697476392407,0.0,1.0000000000000002
storage,1,cosine,raised_cosine,Single-lobe cosine,20.0,1.05,12.5,13.125,-255.6696945244608,0.993989728078057,0.006010271921942892,1.4137996329210978e-16,0.9999999999999999
storage,1,cosine,raised_cosine,Single-lobe cosine,24.0,1.05,10.416666666666666,10.9375,-255.6696945244608,0.9939983201572895,0.006001679842710648,0.0,1.0000000000000002
storage,1,cosine,raised_cosine,Single-lobe cosine,32.0,1.05,7.812499999999999,8.203124999999998,-255.6696945244608,0.9940050558572057,0.00599494414279456,0.0,1.0000000000000002
storage,1,cosine,raised_cosine,Single-lobe cosine,40.0,1.05,6.25,6.5625,-255.6696945244608,0.9940081463260843,0.0059918536739155225,2.255140518769849e-16,0.9999999999999998
storage,1,cosine,raised_cosine,Single-lobe cosine,60.0,1.05,4.166666666666666,4.374999999999999,-255.6696945244608,0.9940124515786303,0.005987548421370011,0.0,1.0000000000000002
storage,1,cosine,raised_cosine,Single-lobe cosine,80.0,1.05,3.125,3.28125,-255.6696945244608,0.9940139569700878,0.005986043029912574,0.0,1.0000000000000004
storage,1,cosine,raised_cosine,Single-lobe cosine,120.0,1.05,2.083333333333333,2.1874999999999996,-255.6696945244608,0.9940142764969332,0.005985723503067038,0.0,1.0000000000000002
storage,1,cosine,raised_cosine,Single-lobe cosine,160.0,1.05,1.5625,1.640625,-255.6696945244608,0.9940140431449899,0.005985956855010057,7.546047120499111e-17,0.9999999999999999
storage,1,cosine,raised_cosine,Single-lobe cosine,220.0,1.05,1.1363636363636362,1.1931818181818181,-255.6696945244608,0.9940124030104743,0.0059875969895257595,0.0,1.0
storage,1,cosine,raised_cosine,Single-lobe cosine,300.0,1.05,0.8333333333333333,0.875,-255.6696945244608,0.993966719325586,0.006033280674414153,0.0,1.0000000000000002
storage,1,flat_top_cosine,ramp_0p25,Reference cosine ramp,12.0,1.05,20.833333333333332,21.875,-255.6696945244608,0.9940851087155084,0.005914891284491515,1.1535911115245767e-16,0.9999999999999999
storage,1,flat_top_cosine,ramp_0p15,Short cosine ramp,16.0,1.05,15.624999999999998,16.406249999999996,-255.6696945244608,0.9940937228187072,0.0059062771812927895,0.0,1.0
storage,1,flat_top_cosine,ramp_0p15,Short cosine ramp,20.0,1.05,12.5,13.125,-255.6696945244608,0.9940525095270502,0.0059474904729501085,0.0,1.0000000000000002
storage,1,flat_top_cosine,ramp_0p15,Short cosine ramp,24.0,1.05,10.416666666666666,10.9375,-255.6696945244608,0.9940285845365956,0.0059714154634039705,4.354155924701786e-16,0.9999999999999996
storage,1,flat_top_cosine,ramp_0p15,Short cosine ramp,32.0,1.05,7.812499999999999,8.203124999999998,-255.6696945244608,0.9940292655945829,0.005970734405416959,1.0755285551056204e-16,0.9999999999999999
storage,1,flat_top_cosine,ramp_0p15,Short cosine ramp,40.0,1.05,6.25,6.5625,-255.6696945244608,0.9940228210801954,0.005977178919804817,0.0,1.0000000000000002
storage,1,flat_top_cosine,ramp_0p35,Long cosine ramp,60.0,1.05,4.166666666666666,4.374999999999999,-255.6696945244608,0.9940169402971606,0.0059830597028393655,4.5102810375396984e-17,1.0
storage,1,flat_top_cosine,ramp_0p25,Reference cosine ramp,80.0,1.05,3.125,3.28125,-255.6696945244608,0.9940151322711519,0.005984867728848097,8.673617379884035e-19,1.0
storage,1,flat_top_cosine,ramp_0p25,Reference cosine ramp,120.0,1.05,2.083333333333333,2.1874999999999996,-255.6696945244608,0.9940148158505852,0.005985184149414675,1.708702623837155e-16,0.9999999999999998
storage,1,flat_top_cosine,ramp_0p35,Long cosine ramp,160.0,1.05,1.5625,1.640625,-255.6696945244608,0.9940148725229795,0.005985127477020419,9.454242944073599e-17,0.9999999999999999
storage,1,flat_top_cosine,ramp_0p35,Long cosine ramp,220.0,1.05,1.1363636363636362,1.1931818181818181,-255.6696945244608,0.9940132670813667,0.005986732918633349,0.0,1.0
storage,1,flat_top_cosine,ramp_0p25,Reference cosine ramp,300.0,1.05,0.8333333333333333,0.875,-255.6696945244608,0.9940105158421749,0.005989484157825037,3.903127820947816e-17,1.0
storage,1,flat_top_gaussian,ramp_0p15,Short Gaussian ramp,12.0,1.05,20.833333333333332,21.875,-255.6696945244608,0.9945528966636683,0.005447103336331587,1.0668549377257364e-16,0.9999999999999999
storage,1,flat_top_gaussian,ramp_0p15,Short Gaussian ramp,16.0,1.05,15.624999999999998,16.406249999999996,-255.6696945244608,0.994226727525192,0.005773272474808124,0.0,1.0000000000000002
storage,1,flat_top_gaussian,ramp_0p15,Short Gaussian ramp,20.0,1.05,12.5,13.125,-255.6696945244608,0.9940850669264374,0.0059149330735625795,3.209238430557093e-17,1.0
storage,1,flat_top_gaussian,ramp_0p35,Long Gaussian ramp,24.0,1.05,10.416666666666666,10.9375,-255.6696945244608,0.9940529018068517,0.00594709819314849,0.0,1.0000000000000002
storage,1,flat_top_gaussian,ramp_0p15,Short Gaussian ramp,32.0,1.05,7.812499999999999,8.203124999999998,-255.6696945244608,0.9940415861349122,0.005958413865087362,4.128641872824801e-16,0.9999999999999996
storage,1,flat_top_gaussian,ramp_0p35,Long Gaussian ramp,40.0,1.05,6.25,6.5625,-255.6696945244608,0.9940342943813388,0.005965705618661031,1.3444106938820255e-16,0.9999999999999999
storage,1,flat_top_gaussian,ramp_0p35,Long Gaussian ramp,60.0,1.05,4.166666666666666,4.374999999999999,-255.6696945244608,0.9940270383699435,0.005972961630056696,0.0,1.0000000000000002
storage,1,flat_top_gaussian,ramp_0p35,Long Gaussian ramp,80.0,1.05,3.125,3.28125,-255.6696945244608,0.9940236709574982,0.005976329042502206,0.0,1.0000000000000004
storage,1,flat_top_gaussian,ramp_0p35,Long Gaussian ramp,120.0,1.05,2.083333333333333,2.1874999999999996,-255.6696945244608,0.9940225240091818,0.005977475990818217,0.0,1.0
storage,1,flat_top_gaussian,ramp_0p35,Long Gaussian ramp,160.0,1.05,1.5625,1.640625,-255.6696945244608,0.9940200203019961,0.005979979698003681,2.203098814490545e-16,0.9999999999999998
storage,1,flat_top_gaussian,ramp_0p35,Long Gaussian ramp,220.0,1.05,1.1363636363636362,1.1931818181818181,-255.6696945244608,0.9940174054951249,0.005982594504875419,0.0,1.0000000000000002
storage,1,flat_top_gaussian,ramp_0p35,Long Gaussian ramp,300.0,1.05,0.8333333333333333,0.875,-255.6696945244608,0.9940138556119639,0.005986144388036478,0.0,1.0000000000000004
storage,1,smooth_bump,compact_bump,Compact-support smooth ramp,12.0,1.05,20.833333333333332,21.875,-255.6696945244608,0.9940085988643282,0.005991401135671789,0.0,1.0
storage,1,smooth_bump,compact_bump,Compact-support smooth ramp,16.0,1.05,15.624999999999998,16.406249999999996,-255.6696945244608,0.9940151236940875,0.0059848763059124266,6.331740687315346e-17,0.9999999999999999
storage,1,smooth_bump,compact_bump,Compact-support smooth ramp,20.0,1.05,12.5,13.125,-255.6696945244608,0.9940154546531612,0.0059845453468388285,0.0,1.0
storage,1,smooth_bump,compact_bump,Compact-support smooth ramp,24.0,1.05,10.416666666666666,10.9375,-255.6696945244608,0.9940152372812019,0.005984762718798158,0.0,1.0
storage,1,smooth_bump,compact_bump,Compact-support smooth ramp,32.0,1.05,7.812499999999999,8.203124999999998,-255.6696945244608,0.9940159122697199,0.005984087730279863,2.7755575615628914e-16,0.9999999999999998
storage,1,smooth_bump,compact_bump,Compact-support smooth ramp,40.0,1.05,6.25,6.5625,-255.6696945244608,0.9940157290526498,0.005984270947350347,0.0,1.0000000000000002
storage,1,smooth_bump,compact_bump,Compact-support smooth ramp,60.0,1.05,4.166666666666666,4.374999999999999,-255.6696945244608,0.9940146951750154,0.005985304824984565,3.9898639947466563e-17,1.0
storage,1,smooth_bump,compact_bump,Compact-support smooth ramp,80.0,1.05,3.125,3.28125,-255.6696945244608,0.994016153325523,0.005983846674477137,0.0,1.0
storage,1,smooth_bump,compact_bump,Compact-support smooth ramp,120.0,1.05,2.083333333333333,2.1874999999999996,-255.6696945244608,0.9940092995531647,0.005990700446835375,0.0,1.0000000000000002
storage,1,smooth_bump,compact_bump,Compact-support smooth ramp,160.0,1.05,1.5625,1.640625,-255.6696945244608,0.994015371966174,0.005984628033826172,0.0,1.0000000000000002
storage,1,smooth_bump,compact_bump,Compact-support smooth ramp,220.0,1.05,1.1363636363636362,1.1931818181818181,-255.6696945244608,0.9940156051483808,0.005984394851619275,0.0,1.0
storage,1,smooth_bump,compact_bump,Compact-support smooth ramp,300.0,1.05,0.8333333333333333,0.875,-255.6696945244608,0.9940160541192831,0.005983945880717051,0.0,1.0000000000000002
storage,1,blackman,blackman,Blackman window,12.0,1.05,20.833333333333332,21.875,-255.6696945244608,0.9940394925005209,0.005960507499479171,0.0,1.0
storage,1,blackman,blackman,Blackman window,16.0,1.05,15.624999999999998,16.406249999999996,-255.6696945244608,0.9940242905189287,0.005975709481071228,6.158268339717665e-17,0.9999999999999999
storage,1,blackman,blackman,Blackman window,20.0,1.05,12.5,13.125,-255.6696945244608,0.9940196069055162,0.005980393094484125,0.0,1.0000000000000002
storage,1,blackman,blackman,Blackman window,24.0,1.05,10.416666666666666,10.9375,-255.6696945244608,0.9940178202838851,0.005982179716114878,4.336808689942018e-17,1.0
storage,1,blackman,blackman,Blackman window,32.0,1.05,7.812499999999999,8.203124999999998,-255.6696945244608,0.9940171625720988,0.005982837427901401,0.0,1.0000000000000002
storage,1,blackman,blackman,Blackman window,40.0,1.05,6.25,6.5625,-255.6696945244608,0.9940157456991532,0.005984254300846498,3.157196726277789e-16,0.9999999999999997
storage,1,blackman,blackman,Blackman window,60.0,1.05,4.166666666666666,4.374999999999999,-255.6696945244608,0.9940151566504836,0.005984843349516698,0.0,1.0000000000000002
storage,1,blackman,blackman,Blackman window,80.0,1.05,3.125,3.28125,-255.6696945244608,0.9940154987391557,0.005984501260844392,0.0,1.0000000000000002
storage,1,blackman,blackman,Blackman window,120.0,1.05,2.083333333333333,2.1874999999999996,-255.6696945244608,0.9940157048622784,0.005984295137721865,0.0,1.0000000000000002
storage,1,blackman,blackman,Blackman window,160.0,1.05,1.5625,1.640625,-255.6696945244608,0.9940156251008986,0.005984374899101194,2.246466901389965e-16,0.9999999999999998
storage,1,blackman,blackman,Blackman window,220.0,1.05,1.1363636363636362,1.1931818181818181,-255.6696945244608,0.994014906844508,0.0059850931554919105,9.454242944073599e-17,0.9999999999999999
storage,1,blackman,blackman,Blackman window,300.0,1.05,0.8333333333333333,0.875,-255.6696945244608,0.9939942561048531,0.006005743895146773,8.066464163292153e-17,0.9999999999999999
storage,2,square,square,Constant envelope,12.0,1.05,14.731391274719737,15.467960838455726,-261.3505365244608,0.9969548406464125,0.003045159353587576,0.0,1.0
storage,2,square,square,Constant envelope,16.0,1.05,11.048543456039804,11.600970628841793,-261.3505365244608,0.996320165504188,0.0036798344958117834,2.1206994493816467e-16,0.9999999999999998
storage,2,square,square,Constant envelope,20.0,1.05,8.838834764831843,9.280776503073435,-261.3505365244608,0.9959090114205215,0.004090988579478399,1.3964523981613297e-16,0.9999999999999999
storage,2,square,square,Constant envelope,24.0,1.05,7.3656956373598685,7.733980419227863,-261.3505365244608,0.9956226547592466,0.004377345240753301,9.280770596475918e-17,0.9999999999999999
storage,2,square,square,Constant envelope,32.0,1.05,5.524271728019902,5.8004853144208965,-261.3505365244608,0.9952493900460454,0.004750609953954965,0.0,1.0000000000000004
storage,2,square,square,Constant envelope,40.0,1.05,4.419417382415921,4.640388251536717,-261.3505365244608,0.9950173114123038,0.004982688587696399,0.0,1.0000000000000002
storage,2,square,square,Constant envelope,60.0,1.05,2.9462782549439477,3.093592167691145,-261.3505365244608,0.9946951664792973,0.005304833520702437,2.194425197110661e-16,0.9999999999999998
storage,2,square,square,Constant envelope,80.0,1.05,2.2097086912079607,2.3201941257683587,-261.3505365244608,0.9945301063399639,0.005469893660036419,0.0,1.0000000000000002
storage,2,square,square,Constant envelope,120.0,1.05,1.4731391274719738,1.5467960838455725,-261.3505365244608,0.9943597076953932,0.005640292304606737,9.367506770274758e-17,0.9999999999999999
storage,2,square,square,Constant envelope,160.0,1.05,1.1048543456039803,1.1600970628841794,-261.3505365244608,0.9942722183737706,0.005727781626229249,1.951563910473908e-16,0.9999999999999998
storage,2,square,square,Constant envelope,220.0,1.05,0.8035304331665312,0.8437069548248578,-261.3505365244608,0.9941955722310943,0.005804427768905691,0.0,1.0
storage,2,square,square,Constant envelope,300.0,1.05,0.5892556509887895,0.618718433538229,-261.3505365244608,0.9940711959037863,0.005928804096213379,2.7929047963226594e-16,0.9999999999999997
storage,2,gaussian,sigma_0p24,Wide Gaussian,12.0,1.05,14.731391274719737,15.467960838455726,-261.3505365244608,0.9946790741339929,0.005320925866007234,0.0,1.0000000000000002
storage,2,gaussian,sigma_0p24,Wide Gaussian,16.0,1.05,11.048543456039804,11.600970628841793,-261.3505365244608,0.9945194631072467,0.005480536892753445,0.0,1.0000000000000002
storage,2,gaussian,sigma_0p24,Wide Gaussian,20.0,1.05,8.838834764831843,9.280776503073435,-261.3505365244608,0.9944249512774948,0.005575048722505477,0.0,1.0000000000000002
storage,2,gaussian,sigma_0p24,Wide Gaussian,24.0,1.05,7.3656956373598685,7.733980419227863,-261.3505365244608,0.994359912645386,0.00564008735461406,0.0,1.0
storage,2,gaussian,sigma_0p24,Wide Gaussian,32.0,1.05,5.524271728019902,5.8004853144208965,-261.3505365244608,0.9942787661422466,0.005721233857753516,0.0,1.0000000000000002
storage,2,gaussian,sigma_0p24,Wide Gaussian,40.0,1.05,4.419417382415921,4.640388251536717,-261.3505365244608,0.9942291734303869,0.005770826569613722,0.0,1.0000000000000007
storage,2,gaussian,sigma_0p24,Wide Gaussian,60.0,1.05,2.9462782549439477,3.093592167691145,-261.3505365244608,0.9941646237682591,0.005835376231740998,0.0,1.0
storage,2,gaussian,sigma_0p24,Wide Gaussian,80.0,1.05,2.2097086912079607,2.3201941257683587,-261.3505365244608,0.994131090631941,0.00586890936805904,0.0,1.0
storage,2,gaussian,sigma_0p24,Wide Gaussian,120.0,1.05,1.4731391274719738,1.5467960838455725,-261.3505365244608,0.9940968940875878,0.005903105912411947,2.185751579730777e-16,0.9999999999999998
storage,2,gaussian,sigma_0p24,Wide Gaussian,160.0,1.05,1.1048543456039803,1.1600970628841794,-261.3505365244608,0.9940793664579957,0.005920633542004606,0.0,1.0000000000000002
storage,2,gaussian,sigma_0p24,Wide Gaussian,220.0,1.05,0.8035304331665312,0.8437069548248578,-261.3505365244608,0.9940654092383459,0.005934590761654288,0.0,1.0000000000000002
storage,2,gaussian,sigma_0p24,Wide Gaussian,300.0,1.05,0.5892556509887895,0.618718433538229,-261.3505365244608,0.9940547190910339,0.0059452809089657836,2.8275992658421956e-16,0.9999999999999997
storage,2,cosine,raised_cosine,Single-lobe cosine,12.0,1.05,14.731391274719737,15.467960838455726,-261.3505365244608,0.9939523391581006,0.006047660841899465,0.0,1.0
storage,2,cosine,raised_cosine,Single-lobe cosine,16.0,1.05,11.048543456039804,11.600970628841793,-261.3505365244608,0.9939885752017789,0.0060114247982209984,1.448494102440634e-16,0.9999999999999999
storage,2,cosine,raised_cosine,Single-lobe cosine,20.0,1.05,8.838834764831843,9.280776503073435,-261.3505365244608,0.9940050705438273,0.005994929456172723,2.5153490401663703e-17,1.0
storage,2,cosine,raised_cosine,Single-lobe cosine,24.0,1.05,7.3656956373598685,7.733980419227863,-261.3505365244608,0.9940131445706726,0.005986855429327526,0.0,1.0
storage,2,cosine,raised_cosine,Single-lobe cosine,32.0,1.05,5.524271728019902,5.8004853144208965,-261.3505365244608,0.9940210863060462,0.005978913693953816,0.0,1.0
storage,2,cosine,raised_cosine,Single-lobe cosine,40.0,1.05,4.419417382415921,4.640388251536717,-261.3505365244608,0.9940249224733523,0.005975077526647649,7.19910242530375e-17,0.9999999999999999
storage,2,cosine,raised_cosine,Single-lobe cosine,60.0,1.05,2.9462782549439477,3.093592167691145,-261.3505365244608,0.9940294660157944,0.0059705339842056875,0.0,1.0000000000000002
storage,2,cosine,raised_cosine,Single-lobe cosine,80.0,1.05,2.2097086912079607,2.3201941257683587,-261.3505365244608,0.9940305613346787,0.005969438665321204,8.760353553682876e-17,0.9999999999999999
storage,2,cosine,raised_cosine,Single-lobe cosine,120.0,1.05,1.4731391274719738,1.5467960838455725,-261.3505365244608,0.9940312738017477,0.005968726198252059,2.246466901389965e-16,0.9999999999999998
storage,2,cosine,raised_cosine,Single-lobe cosine,160.0,1.05,1.1048543456039803,1.1600970628841794,-261.3505365244608,0.9940304232539938,0.0059695767460059244,2.5326962749261384e-16,0.9999999999999998
storage,2,cosine,raised_cosine,Single-lobe cosine,220.0,1.05,0.8035304331665312,0.8437069548248578,-261.3505365244608,0.9940286140031009,0.005971385996899274,0.0,1.0000000000000002
storage,2,cosine,raised_cosine,Single-lobe cosine,300.0,1.05,0.5892556509887895,0.618718433538229,-261.3505365244608,0.9939910383180248,0.006008961681975316,0.0,1.0000000000000002
storage,2,flat_top_cosine,ramp_0p25,Reference cosine ramp,12.0,1.05,14.731391274719737,15.467960838455726,-261.3505365244608,0.9940994946454983,0.005900505354501968,0.0,1.0000000000000002
storage,2,flat_top_cosine,ramp_0p15,Short cosine ramp,16.0,1.05,11.048543456039804,11.600970628841793,-261.3505365244608,0.994107892730552,0.005892107269448233,0.0,1.0000000000000002
storage,2,flat_top_cosine,ramp_0p15,Short cosine ramp,20.0,1.05,8.838834764831843,9.280776503073435,-261.3505365244608,0.9940675769341597,0.005932423065840221,7.632783294297951e-17,0.9999999999999999
storage,2,flat_top_cosine,ramp_0p15,Short cosine ramp,24.0,1.05,7.3656956373598685,7.733980419227863,-261.3505365244608,0.9940480251000587,0.005951974899941228,3.122502256758253e-17,1.0
storage,2,flat_top_cosine,ramp_0p15,Short cosine ramp,32.0,1.05,5.524271728019902,5.8004853144208965,-261.3505365244608,0.9940468160593571,0.005953183940642671,2.5413698923060224e-16,0.9999999999999998
storage,2,flat_top_cosine,ramp_0p15,Short cosine ramp,40.0,1.05,4.419417382415921,4.640388251536717,-261.3505365244608,0.9940393448712598,0.005960655128740222,0.0,1.0
storage,2,flat_top_cosine,ramp_0p25,Reference cosine ramp,60.0,1.05,2.9462782549439477,3.093592167691145,-261.3505365244608,0.9940336409394559,0.005966359060544013,8.933825901280557e-17,0.9999999999999999
storage,2,flat_top_cosine,ramp_0p25,Reference cosine ramp,80.0,1.05,2.2097086912079607,2.3201941257683587,-261.3505365244608,0.9940330460437092,0.005966953956290882,0.0,1.0000000000000002
storage,2,flat_top_cosine,ramp_0p35,Long cosine ramp,120.0,1.05,1.4731391274719738,1.5467960838455725,-261.3505365244608,0.9940322099922054,0.0059677900077944705,1.0061396160665481e-16,0.9999999999999999
storage,2,flat_top_cosine,ramp_0p35,Long cosine ramp,160.0,1.05,1.1048543456039803,1.1600970628841794,-261.3505365244608,0.994030742597354,0.0059692574026461494,0.0,1.0000000000000002
storage,2,flat_top_cosine,ramp_0p35,Long cosine ramp,220.0,1.05,0.8035304331665312,0.8437069548248578,-261.3505365244608,0.9940302465894493,0.005969753410550619,1.0755285551056204e-16,0.9999999999999999
storage,2,flat_top_cosine,ramp_0p25,Reference cosine ramp,300.0,1.05,0.5892556509887895,0.618718433538229,-261.3505365244608,0.9940272784765708,0.005972721523429157,4.597017211338539e-17,1.0
storage,2,flat_top_gaussian,ramp_0p15,Short Gaussian ramp,12.0,1.05,14.731391274719737,15.467960838455726,-261.3505365244608,0.9945721122789857,0.005427887721014475,0.0,1.0000000000000002
storage,2,flat_top_gaussian,ramp_0p15,Short Gaussian ramp,16.0,1.05,11.048543456039804,11.600970628841793,-261.3505365244608,0.9942456367552812,0.005754363244718783,2.6020852139652106e-18,1.0
storage,2,flat_top_gaussian,ramp_0p15,Short Gaussian ramp,20.0,1.05,8.838834764831843,9.280776503073435,-261.3505365244608,0.9941043414158022,0.005895658584197649,1.7780915628762273e-16,0.9999999999999998
storage,2,flat_top_gaussian,ramp_0p35,Long Gaussian ramp,24.0,1.05,7.3656956373598685,7.733980419227863,-261.3505365244608,0.9940695405721278,0.0059304594278725645,0.0,1.0000000000000004
storage,2,flat_top_gaussian,ramp_0p15,Short Gaussian ramp,32.0,1.05,5.524271728019902,5.8004853144208965,-261.3505365244608,0.9940581140200745,0.005941885979925636,0.0,1.0000000000000002
storage,2,flat_top_gaussian,ramp_0p35,Long Gaussian ramp,40.0,1.05,4.419417382415921,4.640388251536717,-261.3505365244608,0.99405215039676,0.005947849603240011,7.806255641895632e-18,1.0
storage,2,flat_top_gaussian,ramp_0p35,Long Gaussian ramp,60.0,1.05,2.9462782549439477,3.093592167691145,-261.3505365244608,0.994044103825337,0.005955896174663172,0.0,1.0000000000000002
storage,2,flat_top_gaussian,ramp_0p35,Long Gaussian ramp,80.0,1.05,2.2097086912079607,2.3201941257683587,-261.3505365244608,0.9940417706948361,0.005958229305163782,9.367506770274758e-17,0.9999999999999999
storage,2,flat_top_gaussian,ramp_0p35,Long Gaussian ramp,120.0,1.05,1.4731391274719738,1.5467960838455725,-261.3505365244608,0.9940388944406846,0.005961105559315711,0.0,1.0000000000000002
storage,2,flat_top_gaussian,ramp_0p35,Long Gaussian ramp,160.0,1.05,1.1048543456039803,1.1600970628841794,-261.3505365244608,0.9940366805147323,0.005963319485268169,0.0,1.0000000000000004
storage,2,flat_top_gaussian,ramp_0p35,Long Gaussian ramp,220.0,1.05,0.8035304331665312,0.8437069548248578,-261.3505365244608,0.9940320079993266,0.005967992000673203,2.3592239273284576e-16,0.9999999999999998
storage,2,flat_top_gaussian,ramp_0p35,Long Gaussian ramp,300.0,1.05,0.5892556509887895,0.618718433538229,-261.3505365244608,0.9940316361812427,0.005968363818757189,1.2750217548429532e-16,0.9999999999999999
storage,2,smooth_bump,compact_bump,Compact-support smooth ramp,12.0,1.05,14.731391274719737,15.467960838455726,-261.3505365244608,0.9940255688819436,0.005974431118056146,2.5413698923060224e-16,0.9999999999999998
storage,2,smooth_bump,compact_bump,Compact-support smooth ramp,16.0,1.05,11.048543456039804,11.600970628841793,-261.3505365244608,0.9940316144273468,0.00596838557265328,0.0,1.0
storage,2,smooth_bump,compact_bump,Compact-support smooth ramp,20.0,1.05,8.838834764831843,9.280776503073435,-261.3505365244608,0.9940319892426663,0.005968010757333435,2.2898349882893854e-16,0.9999999999999998
storage,2,smooth_bump,compact_bump,Compact-support smooth ramp,24.0,1.05,7.3656956373598685,7.733980419227863,-261.3505365244608,0.9940324649791695,0.0059675350208303855,8.673617379884035e-17,0.9999999999999999
storage,2,smooth_bump,compact_bump,Compact-support smooth ramp,32.0,1.05,5.524271728019902,5.8004853144208965,-261.3505365244608,0.9940322801460738,0.005967719853925939,2.5066754227864863e-16,0.9999999999999998
storage,2,smooth_bump,compact_bump,Compact-support smooth ramp,40.0,1.05,4.419417382415921,4.640388251536717,-261.3505365244608,0.9940328274557344,0.005967172544265568,2.949029909160572e-17,1.0
storage,2,smooth_bump,compact_bump,Compact-support smooth ramp,60.0,1.05,2.9462782549439477,3.093592167691145,-261.3505365244608,0.9940334043551249,0.005966595644875116,8.673617379884035e-19,1.0
storage,2,smooth_bump,compact_bump,Compact-support smooth ramp,80.0,1.05,2.2097086912079607,2.3201941257683587,-261.3505365244608,0.9940314947627049,0.005968505237295138,0.0,1.0
storage,2,smooth_bump,compact_bump,Compact-support smooth ramp,120.0,1.05,1.4731391274719738,1.5467960838455725,-261.3505365244608,0.9940309413012145,0.0059690586987851575,3.434752482434078e-16,0.9999999999999997
storage,2,smooth_bump,compact_bump,Compact-support smooth ramp,160.0,1.05,1.1048543456039803,1.1600970628841794,-261.3505365244608,0.9940321579061141,0.005967842093886161,0.0,1.0000000000000002
storage,2,smooth_bump,compact_bump,Compact-support smooth ramp,220.0,1.05,0.8035304331665312,0.8437069548248578,-261.3505365244608,0.9940323281347531,0.005967671865247186,0.0,1.0000000000000002
storage,2,smooth_bump,compact_bump,Compact-support smooth ramp,300.0,1.05,0.5892556509887895,0.618718433538229,-261.3505365244608,0.9940317990475557,0.0059682009524446656,0.0,1.0000000000000004
storage,2,blackman,blackman,Blackman window,12.0,1.05,14.731391274719737,15.467960838455726,-261.3505365244608,0.994056675471707,0.005943324528292995,5.2909066017292616e-17,1.0
storage,2,blackman,blackman,Blackman window,16.0,1.05,11.048543456039804,11.600970628841793,-261.3505365244608,0.9940412445822759,0.005958755417723868,1.9168694409543718e-16,0.9999999999999998
storage,2,blackman,blackman,Blackman window,20.0,1.05,8.838834764831843,9.280776503073435,-261.3505365244608,0.9940365193914428,0.005963480608557397,0.0,1.0000000000000002
storage,2,blackman,blackman,Blackman window,24.0,1.05,7.3656956373598685,7.733980419227863,-261.3505365244608,0.994034509668912,0.0059654903310879205,3.209238430557093e-17,1.0
storage,2,blackman,blackman,Blackman window,32.0,1.05,5.524271728019902,5.8004853144208965,-261.3505365244608,0.9940331985135605,0.0059668014864391996,2.662800535624399e-16,0.9999999999999998
storage,2,blackman,blackman,Blackman window,40.0,1.05,4.419417382415921,4.640388251536717,-261.3505365244608,0.9940325436068465,0.005967456393152998,5.490399801466594e-16,0.9999999999999994
storage,2,blackman,blackman,Blackman window,60.0,1.05,2.9462782549439477,3.093592167691145,-261.3505365244608,0.9940320378820989,0.005967962117900888,1.8301332671555315e-16,0.9999999999999998
storage,2,blackman,blackman,Blackman window,80.0,1.05,2.2097086912079607,2.3201941257683587,-261.3505365244608,0.9940329456392498,0.005967054360750236,0.0,1.0
storage,2,blackman,blackman,Blackman window,120.0,1.05,1.4731391274719738,1.5467960838455725,-261.3505365244608,0.9940319501747134,0.005968049825286749,0.0,1.0
storage,2,blackman,blackman,Blackman window,160.0,1.05,1.1048543456039803,1.1600970628841794,-261.3505365244608,0.9940321790155512,0.005967820984448674,1.3877787807814457e-16,0.9999999999999999
storage,2,blackman,blackman,Blackman window,220.0,1.05,0.8035304331665312,0.8437069548248578,-261.3505365244608,0.9940309409453133,0.005969059054686805,0.0,1.0
storage,2,blackman,blackman,Blackman window,300.0,1.05,0.5892556509887895,0.618718433538229,-261.3505365244608,0.9940298335930988,0.00597016640690117,8.673617379884035e-18,1.0
storage,3,square,square,Constant envelope,12.0,1.05,12.028130608117204,12.629537138523064,-267.03137852446076,0.9969581445047783,0.003041855495222155,0.0,1.0000000000000004
storage,3,square,square,Constant envelope,16.0,1.05,9.021097956087901,9.472152853892299,-267.03137852446076,0.9963272019757661,0.0036727980242340368,0.0,1.0000000000000002
storage,3,square,square,Constant envelope,20.0,1.05,7.216878364870323,7.577722283113839,-267.03137852446076,0.9959179602203438,0.004082039779656169,0.0,1.0
storage,3,square,square,Constant envelope,24.0,1.05,6.014065304058602,6.314768569261532,-267.03137852446076,0.995633036170783,0.0043669638292170325,0.0,1.0
storage,3,square,square,Constant envelope,32.0,1.05,4.510548978043951,4.736076426946149,-267.03137852446076,0.9952613619838107,0.004738638016189575,0.0,1.0000000000000002
storage,3,square,square,Constant envelope,40.0,1.05,3.6084391824351614,3.7888611415569193,-267.03137852446076,0.9950237179733219,0.004976282026678184,0.0,1.0
storage,3,square,square,Constant envelope,60.0,1.05,2.40562612162344,2.5259074277046123,-267.03137852446076,0.994713864344441,0.005286135655559241,0.0,1.0000000000000002
storage,3,square,square,Constant envelope,80.0,1.05,1.8042195912175807,1.8944305707784597,-267.03137852446076,0.994546749513195,0.0054532504868049616,4.423544863740858e-17,1.0
storage,3,square,square,Constant envelope,120.0,1.05,1.20281306081172,1.2629537138523061,-267.03137852446076,0.9943764429885729,0.005623557011427474,0.0,1.0000000000000004
storage,3,square,square,Constant envelope,160.0,1.05,0.9021097956087903,0.9472152853892298,-267.03137852446076,0.9942884032364916,0.005711596763508458,0.0,1.0
storage,3,square,square,Constant envelope,220.0,1.05,0.6560798513518474,0.6888838439194398,-267.03137852446076,0.9942119429902306,0.00578805700976984,0.0,1.0000000000000004
storage,3,square,square,Constant envelope,300.0,1.05,0.48112522432468807,0.5051814855409225,-267.03137852446076,0.994071283428819,0.005928716571180753,2.38524477946811e-16,0.9999999999999998
storage,3,gaussian,sigma_0p24,Wide Gaussian,12.0,1.05,12.028130608117204,12.629537138523064,-267.03137852446076,0.994690968180943,0.005309031819056723,2.2985086056692694e-16,0.9999999999999998
storage,3,gaussian,sigma_0p24,Wide Gaussian,16.0,1.05,9.021097956087901,9.472152853892299,-267.03137852446076,0.9945339156807945,0.005466084319205385,9.280770596475918e-17,0.9999999999999999
storage,3,gaussian,sigma_0p24,Wide Gaussian,20.0,1.05,7.216878364870323,7.577722283113839,-267.03137852446076,0.9944400116021828,0.005559988397817137,1.0234868508263162e-16,0.9999999999999999
storage,3,gaussian,sigma_0p24,Wide Gaussian,24.0,1.05,6.014065304058602,6.314768569261532,-267.03137852446076,0.9943758200923576,0.00562417990764257,0.0,1.0000000000000002
storage,3,gaussian,sigma_0p24,Wide Gaussian,32.0,1.05,4.510548978043951,4.736076426946149,-267.03137852446076,0.9942951791588464,0.005704820841153268,3.7816971776294395e-16,0.9999999999999997
storage,3,gaussian,sigma_0p24,Wide Gaussian,40.0,1.05,3.6084391824351614,3.7888611415569193,-267.03137852446076,0.9942461652768768,0.005753834723123342,0.0,1.0000000000000002
storage,3,gaussian,sigma_0p24,Wide Gaussian,60.0,1.05,2.40562612162344,2.5259074277046123,-267.03137852446076,0.9941840563770009,0.0058159436229990955,0.0,1.0
storage,3,gaussian,sigma_0p24,Wide Gaussian,80.0,1.05,1.8042195912175807,1.8944305707784597,-267.03137852446076,0.9941502825521544,0.00584971744784537,2.0036056147532122e-16,0.9999999999999998
storage,3,gaussian,sigma_0p24,Wide Gaussian,120.0,1.05,1.20281306081172,1.2629537138523061,-267.03137852446076,0.9941164655227503,0.005883534477249747,0.0,1.0
storage,3,gaussian,sigma_0p24,Wide Gaussian,160.0,1.05,0.9021097956087903,0.9472152853892298,-267.03137852446076,0.994097425321482,0.005902574678517913,4.5102810375396984e-17,1.0
storage,3,gaussian,sigma_0p24,Wide Gaussian,220.0,1.05,0.6560798513518474,0.6888838439194398,-267.03137852446076,0.9940819441499372,0.005918055850062612,1.6393136847980827e-16,0.9999999999999999
storage,3,gaussian,sigma_0p24,Wide Gaussian,300.0,1.05,0.48112522432468807,0.5051814855409225,-267.03137852446076,0.9940716805068431,0.005928319493156919,0.0,1.0
storage,3,cosine,raised_cosine,Single-lobe cosine,12.0,1.05,12.028130608117204,12.629537138523064,-267.03137852446076,0.9939633508968926,0.006036649103107312,1.0495077029659683e-16,0.9999999999999999
storage,3,cosine,raised_cosine,Single-lobe cosine,16.0,1.05,9.021097956087901,9.472152853892299,-267.03137852446076,0.9940031046748447,0.005996895325155633,0.0,1.0000000000000002
storage,3,cosine,raised_cosine,Single-lobe cosine,20.0,1.05,7.216878364870323,7.577722283113839,-267.03137852446076,0.9940208934907678,0.0059791065092325854,0.0,1.0000000000000004
storage,3,cosine,raised_cosine,Single-lobe cosine,24.0,1.05,6.014065304058602,6.314768569261532,-267.03137852446076,0.9940298266816787,0.0059701733183215085,0.0,1.0000000000000002
storage,3,cosine,raised_cosine,Single-lobe cosine,32.0,1.05,4.510548978043951,4.736076426946149,-267.03137852446076,0.9940385338557193,0.005961466144281177,0.0,1.0000000000000004
storage,3,cosine,raised_cosine,Single-lobe cosine,40.0,1.05,3.6084391824351614,3.7888611415569193,-267.03137852446076,0.9940421307712168,0.00595786922878323,0.0,1.0
storage,3,cosine,raised_cosine,Single-lobe cosine,60.0,1.05,2.40562612162344,2.5259074277046123,-267.03137852446076,0.9940477346197848,0.0059522653802149255,2.7929047963226594e-16,0.9999999999999997
storage,3,cosine,raised_cosine,Single-lobe cosine,80.0,1.05,1.8042195912175807,1.8944305707784597,-267.03137852446076,0.9940391352472175,0.005960864752782344,1.1362438767648086e-16,0.9999999999999999
storage,3,cosine,raised_cosine,Single-lobe cosine,120.0,1.05,1.20281306081172,1.2629537138523061,-267.03137852446076,0.9940488820510713,0.005951117948928655,8.673617379884035e-18,1.0
storage,3,cosine,raised_cosine,Single-lobe cosine,160.0,1.05,0.9021097956087903,0.9472152853892298,-267.03137852446076,0.9940484413155746,0.005951558684425068,3.608224830031759e-16,0.9999999999999997
storage,3,cosine,raised_cosine,Single-lobe cosine,220.0,1.05,0.6560798513518474,0.6888838439194398,-267.03137852446076,0.9940474019901193,0.0059525980098808625,0.0,1.0000000000000002
storage,3,cosine,raised_cosine,Single-lobe cosine,300.0,1.05,0.48112522432468807,0.5051814855409225,-267.03137852446076,0.9940457524046262,0.00595424759537352,2.5413698923060224e-16,0.9999999999999998
storage,3,flat_top_cosine,ramp_0p25,Reference cosine ramp,12.0,1.05,12.028130608117204,12.629537138523064,-267.03137852446076,0.9941141533779103,0.005885846622089671,1.474514954580286e-17,1.0
storage,3,flat_top_cosine,ramp_0p15,Short cosine ramp,16.0,1.05,9.021097956087901,9.472152853892299,-267.03137852446076,0.9941234251903551,0.005876574809644496,3.7816971776294395e-16,0.9999999999999997
storage,3,flat_top_cosine,ramp_0p15,Short cosine ramp,20.0,1.05,7.216878364870323,7.577722283113839,-267.03137852446076,0.9940839789062489,0.005916021093751043,6.852157730108388e-17,0.9999999999999999
storage,3,flat_top_cosine,ramp_0p15,Short cosine ramp,24.0,1.05,6.014065304058602,6.314768569261532,-267.03137852446076,0.9940646219400479,0.005935378059952212,0.0,1.0
storage,3,flat_top_cosine,ramp_0p15,Short cosine ramp,32.0,1.05,4.510548978043951,4.736076426946149,-267.03137852446076,0.9940639608612771,0.00593603913872273,1.4051260155412137e-16,0.9999999999999999
storage,3,flat_top_cosine,ramp_0p15,Short cosine ramp,40.0,1.05,3.6084391824351614,3.7888611415569193,-267.03137852446076,0.9940562518800237,0.0059437481199766835,0.0,1.0000000000000004
storage,3,flat_top_cosine,ramp_0p25,Reference cosine ramp,60.0,1.05,2.40562612162344,2.5259074277046123,-267.03137852446076,0.9940513105171418,0.0059486894828578735,3.3133218391157016e-16,0.9999999999999997
storage,3,flat_top_cosine,ramp_0p35,Long cosine ramp,80.0,1.05,1.8042195912175807,1.8944305707784597,-267.03137852446076,0.9940512283991388,0.005948771600861084,7.37257477290143e-17,0.9999999999999999
storage,3,flat_top_cosine,ramp_0p35,Long cosine ramp,120.0,1.05,1.20281306081172,1.2629537138523061,-267.03137852446076,0.9940502964391553,0.005949703560844336,3.408731630294426e-16,0.9999999999999997
storage,3,flat_top_cosine,ramp_0p35,Long cosine ramp,160.0,1.05,0.9021097956087903,0.9472152853892298,-267.03137852446076,0.9940495124894705,0.005950487510529555,0.0,1.0
storage,3,flat_top_cosine,ramp_0p35,Long cosine ramp,220.0,1.05,0.6560798513518474,0.6888838439194398,-267.03137852446076,0.9940476682125797,0.005952331787420485,0.0,1.0000000000000002
storage,3,flat_top_cosine,ramp_0p35,Long cosine ramp,300.0,1.05,0.48112522432468807,0.5051814855409225,-267.03137852446076,0.9940480805577366,0.005951919442263401,0.0,1.0
storage,3,flat_top_gaussian,ramp_0p15,Short Gaussian ramp,12.0,1.05,12.028130608117204,12.629537138523064,-267.03137852446076,0.9945911264445114,0.005408873555488714,0.0,1.0000000000000002
storage,3,flat_top_gaussian,ramp_0p15,Short Gaussian ramp,16.0,1.05,9.021097956087901,9.472152853892299,-267.03137852446076,0.99426604033691,0.005733959663090178,0.0,1.0000000000000002
storage,3,flat_top_gaussian,ramp_0p15,Short Gaussian ramp,20.0,1.05,7.216878364870323,7.577722283113839,-267.03137852446076,0.9941226110256486,0.005877388974351405,1.1275702593849246e-17,1.0
storage,3,flat_top_gaussian,ramp_0p35,Long Gaussian ramp,24.0,1.05,6.014065304058602,6.314768569261532,-267.03137852446076,0.9940872916406455,0.005912708359354269,2.662800535624399e-16,0.9999999999999998
storage,3,flat_top_gaussian,ramp_0p15,Short Gaussian ramp,32.0,1.05,4.510548978043951,4.736076426946149,-267.03137852446076,0.9940774041691872,0.0059225958308131155,0.0,1.0000000000000004
storage,3,flat_top_gaussian,ramp_0p35,Long Gaussian ramp,40.0,1.05,3.6084391824351614,3.7888611415569193,-267.03137852446076,0.9940684999263776,0.0059315000736223315,8.847089727481716e-17,0.9999999999999999
storage,3,flat_top_gaussian,ramp_0p35,Long Gaussian ramp,60.0,1.05,2.40562612162344,2.5259074277046123,-267.03137852446076,0.9940604650907905,0.005939534909209547,0.0,1.0
storage,3,flat_top_gaussian,ramp_0p35,Long Gaussian ramp,80.0,1.05,1.8042195912175807,1.8944305707784597,-267.03137852446076,0.9940586035800398,0.005941396419960074,9.107298248878237e-17,0.9999999999999999
storage,3,flat_top_gaussian,ramp_0p35,Long Gaussian ramp,120.0,1.05,1.20281306081172,1.2629537138523061,-267.03137852446076,0.9940564696499948,0.005943530350005282,0.0,1.0000000000000002
storage,3,flat_top_gaussian,ramp_0p35,Long Gaussian ramp,160.0,1.05,0.9021097956087903,0.9472152853892298,-267.03137852446076,0.9940549478589366,0.0059450521410637225,0.0,1.0000000000000002
storage,3,flat_top_gaussian,ramp_0p35,Long Gaussian ramp,220.0,1.05,0.6560798513518474,0.6888838439194398,-267.03137852446076,0.994051531510952,0.005948468489047618,3.3566899260151217e-16,0.9999999999999997
storage,3,flat_top_gaussian,ramp_0p25,Reference Gaussian ramp,300.0,1.05,0.48112522432468807,0.5051814855409225,-267.03137852446076,0.9940475540123328,0.0059524459876674745,0.0,1.0000000000000002
storage,3,smooth_bump,compact_bump,Compact-support smooth ramp,12.0,1.05,12.028130608117204,12.629537138523064,-267.03137852446076,0.9940436275569663,0.005956372443033707,1.734723475976807e-18,1.0
storage,3,smooth_bump,compact_bump,Compact-support smooth ramp,16.0,1.05,9.021097956087901,9.472152853892299,-267.03137852446076,0.9940495031803438,0.005950496819655875,3.2873009869760494e-16,0.9999999999999997
storage,3,smooth_bump,compact_bump,Compact-support smooth ramp,20.0,1.05,7.216878364870323,7.577722283113839,-267.03137852446076,0.9940503515795502,0.005949648420450162,0.0,1.0000000000000004
storage,3,smooth_bump,compact_bump,Compact-support smooth ramp,24.0,1.05,6.014065304058602,6.314768569261532,-267.03137852446076,0.9940502099292391,0.005949790070761109,0.0,1.0000000000000002
storage,3,smooth_bump,compact_bump,Compact-support smooth ramp,32.0,1.05,4.510548978043951,4.736076426946149,-267.03137852446076,0.9940509936026998,0.005949006397300406,0.0,1.0000000000000002
storage,3,smooth_bump,compact_bump,Compact-support smooth ramp,40.0,1.05,3.6084391824351614,3.7888611415569193,-267.03137852446076,0.9940503845668615,0.005949615433138766,0.0,1.0000000000000002
storage,3,smooth_bump,compact_bump,Compact-support smooth ramp,60.0,1.05,2.40562612162344,2.5259074277046123,-267.03137852446076,0.9940504813455928,0.0059495186544074544,0.0,1.0000000000000002
storage,3,smooth_bump,compact_bump,Compact-support smooth ramp,80.0,1.05,1.8042195912175807,1.8944305707784597,-267.03137852446076,0.9940494559447267,0.005950544055273106,1.8214596497756474e-16,0.9999999999999998
storage,3,smooth_bump,compact_bump,Compact-support smooth ramp,120.0,1.05,1.20281306081172,1.2629537138523061,-267.03137852446076,0.9940511155201802,0.005948884479819835,0.0,1.0
storage,3,smooth_bump,compact_bump,Compact-support smooth ramp,160.0,1.05,0.9021097956087903,0.9472152853892298,-267.03137852446076,0.9940493855819104,0.005950614418089701,0.0,1.0
storage,3,smooth_bump,compact_bump,Compact-support smooth ramp,220.0,1.05,0.6560798513518474,0.6888838439194398,-267.03137852446076,0.9940481378753948,0.005951862124605474,0.0,1.0000000000000002
storage,3,smooth_bump,compact_bump,Compact-support smooth ramp,300.0,1.05,0.48112522432468807,0.5051814855409225,-267.03137852446076,0.9940522359086663,0.005947764091333852,0.0,1.0000000000000002
storage,3,blackman,blackman,Blackman window,12.0,1.05,12.028130608117204,12.629537138523064,-267.03137852446076,0.9940754974750984,0.005924502524901582,3.8163916471489756e-17,1.0
storage,3,blackman,blackman,Blackman window,16.0,1.05,9.021097956087901,9.472152853892299,-267.03137852446076,0.9940593712398498,0.00594062876015022,3.469446951953614e-18,1.0
storage,3,blackman,blackman,Blackman window,20.0,1.05,7.216878364870323,7.577722283113839,-267.03137852446076,0.9940545799080202,0.005945420091979876,0.0,1.0
storage,3,blackman,blackman,Blackman window,24.0,1.05,6.014065304058602,6.314768569261532,-267.03137852446076,0.9940527967491878,0.005947203250812269,0.0,1.0
storage,3,blackman,blackman,Blackman window,32.0,1.05,4.510548978043951,4.736076426946149,-267.03137852446076,0.9940512628513056,0.005948737148694519,0.0,1.0000000000000002
storage,3,blackman,blackman,Blackman window,40.0,1.05,3.6084391824351614,3.7888611415569193,-267.03137852446076,0.9940507306338218,0.005949269366178492,0.0,1.0000000000000002
storage,3,blackman,blackman,Blackman window,60.0,1.05,2.40562612162344,2.5259074277046123,-267.03137852446076,0.9940512225524369,0.005948777447563266,0.0,1.0000000000000002
storage,3,blackman,blackman,Blackman window,80.0,1.05,1.8042195912175807,1.8944305707784597,-267.03137852446076,0.9940491224875336,0.005950877512466475,0.0,1.0
storage,3,blackman,blackman,Blackman window,120.0,1.05,1.20281306081172,1.2629537138523061,-267.03137852446076,0.9940510534385354,0.005948946561464812,0.0,1.0000000000000002
storage,3,blackman,blackman,Blackman window,160.0,1.05,0.9021097956087903,0.9472152853892298,-267.03137852446076,0.9940505378221879,0.0059494621778121435,0.0,1.0
storage,3,blackman,blackman,Blackman window,220.0,1.05,0.6560798513518474,0.6888838439194398,-267.03137852446076,0.9940511573476295,0.005948842652370537,0.0,1.0
storage,3,blackman,blackman,Blackman window,300.0,1.05,0.48112522432468807,0.5051814855409225,-267.03137852446076,0.9940492420019401,0.0059507579980597886,9.71445146547012e-17,0.9999999999999999
