n,mechanism,target_coupling_MHz,common_detuning_MHz,storage_leg_lab_frequency_GHz,readout_leg_lab_frequency_GHz,storage_leg_rotating_frequency_MHz,readout_leg_rotating_frequency_MHz,storage_matrix_element,readout_matrix_element,storage_amplitude_MHz,readout_amplitude_MHz,simulation_duration_ns,peak_target_probability,time_to_peak_target_ns,max_intermediate_probability,intermediate_at_target_peak,leakage_at_target_peak,final_target_probability,reduced_peak_target_probability,reduced_peak_time_ns,reduced_max_intermediate_probability,resonant_peak_time_ns,raman_peak_time_ns,peak_target_error_vs_reduced,peak_time_error_vs_reduced_ns,dominant_peak_states,dominant_final_states,source_label,intermediate_label,target_label
1,resonant_bright_state,4.0,0.0,6.804115034441636,3.4488252783628397,-255.6696945244608,-255.6696945244608,1.0,1.0,4.0,4.0,141.0,0.9999981012625729,88.5,0.49997711566839337,1.8987158778268037e-06,0.0,0.125426060481932,0.9999921256621533,88.5,0.4999956985744398,88.38834764831844,,5.975600419594329e-06,0.0,"[[""|g,1,0>"", 0.9999981012625729], [""|f,0,0>"", 1.8987158778268037e-06]]","[[""|f,0,0>"", 0.4574512375686371], [""|g,0,1>"", 0.417122701949431], [""|g,1,0>"", 0.125426060481932]]","|g,0,1>","|f,0,0>","|g,1,0>"
1,detuned_raman_like,4.0,4.0,6.804115034441636,3.4488252783628397,-255.6696945244608,-255.6696945244608,1.0,1.0,4.0,4.0,120.00000000000001,0.7497435936788771,83.5,0.444335024291578,9.45639985730183e-06,0.0,0.45657615006564317,0.7499868512703931,83.5,0.44442689871195934,88.38834764831844,62.5,-0.00024325759151599957,0.0,"[[""|g,1,0>"", 0.7497435936788771], [""|g,0,1>"", 0.2502469499212656], [""|f,0,0>"", 9.45639985730183e-06]]","[[""|g,1,0>"", 0.45657615006564317], [""|f,0,0>"", 0.42697060402173875], [""|g,0,1>"", 0.11645324591261821]]","|g,0,1>","|f,0,0>","|g,1,0>"
1,detuned_raman_like,4.0,8.0,6.804115034441636,3.4488252783628397,-255.6696945244608,-255.6696945244608,1.0,1.0,4.0,4.0,168.5,0.9417665291775431,144.5,0.3331674003970088,7.357189436386067e-06,1.1102230246251565e-16,0.7117072142898905,0.9420870403503151,144.5,0.33332883472155034,88.38834764831844,125.0,-0.0003205111727719867,0.0,"[[""|g,1,0>"", 0.9417665291775431], [""|g,0,1>"", 0.058226113633020424], [""|f,0,0>"", 7.357189436386067e-06]]","[[""|g,1,0>"", 0.7117072142898905], [""|f,0,0>"", 0.25040672881877507], [""|g,0,1>"", 0.037886056891334535]]","|g,0,1>","|f,0,0>","|g,1,0>"
1,detuned_raman_like,4.0,12.0,6.804115034441636,3.4488252783628397,-255.6696945244608,-255.6696945244608,1.0,1.0,4.0,4.0,253.0,0.9806536653713696,242.5,0.23510690890214522,5.787229271956096e-06,0.0,0.9164983554968759,0.9803329709825672,242.5,0.23529259233082764,88.38834764831844,187.5,0.0003206943888023339,0.0,"[[""|g,1,0>"", 0.9806536653713696], [""|g,0,1>"", 0.01934054739935861], [""|f,0,0>"", 5.787229271956096e-06]]","[[""|g,1,0>"", 0.9164983554968759], [""|f,0,0>"", 0.06193529723743003], [""|g,0,1>"", 0.021566347265694025]]","|g,0,1>","|f,0,0>","|g,1,0>"
1,detuned_raman_like,4.0,16.0,6.804115034441636,3.4488252783628397,-255.6696945244608,-255.6696945244608,1.0,1.0,4.0,4.0,337.5,0.9830036846852741,255.0,0.16652944189823504,2.4479804563593802e-05,1.1102230246251565e-16,0.7380147113010994,0.9832919656468365,255.0,0.16666651455598877,88.38834764831844,250.0,-0.0002882809615624149,0.0,"[[""|g,1,0>"", 0.9830036846852741], [""|g,0,1>"", 0.016971835510162226], [""|f,0,0>"", 2.4479804563593802e-05]]","[[""|g,1,0>"", 0.7380147113010994], [""|f,0,0>"", 0.14722902718294092], [""|g,0,1>"", 0.11475626151595998]]","|g,0,1>","|f,0,0>","|g,1,0>"
1,detuned_raman_like,4.0,20.0,6.804115034441636,3.4488252783628397,-255.6696945244608,-255.6696945244608,1.0,1.0,4.0,4.0,421.5,0.9967674333916653,348.00000000000006,0.12108058357211807,2.319087182785474e-05,1.1102230246251565e-16,0.7536568946930798,0.9966300767830545,348.00000000000006,0.12120940572031763,88.38834764831844,312.5,0.00013735660861080579,0.0,"[[""|g,1,0>"", 0.9967674333916653], [""|g,0,1>"", 0.0032093757365066937], [""|f,0,0>"", 2.319087182785474e-05]]","[[""|g,1,0>"", 0.7536568946930798], [""|g,0,1>"", 0.16163313809682073], [""|f,0,0>"", 0.08470996721009938]]","|g,0,1>","|f,0,0>","|g,1,0>"
1,resonant_bright_state,6.0,0.0,6.804115034441636,3.4488252783628397,-255.6696945244608,-255.6696945244608,1.0,1.0,6.0,6.0,94.00000000000001,0.9999979833529675,59.00000000000001,0.4999974634565702,2.0160536595892632e-06,0.0,0.12539077339240526,0.9999921256621527,59.00000000000001,0.4999980314116625,58.925565098878955,,5.857690814847771e-06,0.0,"[[""|g,1,0>"", 0.9999979833529675], [""|f,0,0>"", 2.0160536595892632e-06]]","[[""|f,0,0>"", 0.45741827607878377], [""|g,0,1>"", 0.417190950528811], [""|g,1,0>"", 0.12539077339240526]]","|g,0,1>","|f,0,0>","|g,1,0>"
1,detuned_raman_like,6.0,4.0,6.804115034441636,3.4488252783628397,-255.6696945244608,-255.6696945244608,1.0,1.0,6.0,6.0,120.00000000000001,0.8755048138609144,57.50000000000001,0.4736201204350977,1.8580649170168818e-05,0.0,0.4195610031712162,0.8756352907478213,57.50000000000001,0.4736828535119519,58.925565098878955,27.77777777777778,-0.00013047688690692727,0.0,"[[""|g,1,0>"", 0.8755048138609144], [""|g,0,1>"", 0.1244766054899156], [""|f,0,0>"", 1.8580649170168818e-05]]","[[""|g,0,1>"", 0.5450377083850861], [""|g,1,0>"", 0.4195610031712162], [""|f,0,0>"", 0.035401288443697325]]","|g,0,1>","|f,0,0>","|g,1,0>"
1,detuned_raman_like,6.0,8.0,6.804115034441636,3.4488252783628397,-255.6696945244608,-255.6696945244608,1.0,1.0,6.0,6.0,120.00000000000001,0.9477523419824211,106.50000000000001,0.4089415138851337,3.1292597768337214e-05,0.0,0.7338456500572561,0.9474712059606536,106.50000000000001,0.4090873941196228,58.925565098878955,55.55555555555556,0.00028113602176749186,0.0,"[[""|g,1,0>"", 0.9477523419824211], [""|g,0,1>"", 0.05221636541981054], [""|f,0,0>"", 3.1292597768337214e-05]]","[[""|g,1,0>"", 0.7338456500572561], [""|f,0,0>"", 0.20064794388455046], [""|g,0,1>"", 0.06550640605819333]]","|g,0,1>","|f,0,0>","|g,1,0>"
1,detuned_raman_like,6.0,12.0,6.804115034441636,3.4488252783628397,-255.6696945244608,-255.6696945244608,1.0,1.0,6.0,6.0,120.00000000000001,0.9417175552903356,96.50000000000001,0.33316413243663645,8.304368044868854e-05,2.220446049250313e-16,0.6208932649866646,0.9420348283529572,96.00000000000001,0.33332883472155006,58.925565098878955,83.33333333333334,-0.0003172730626215259,0.5,"[[""|g,1,0>"", 0.9417175552903356], [""|g,0,1>"", 0.05819940102921551], [""|f,0,0>"", 8.304368044868854e-05]]","[[""|g,1,0>"", 0.6208932649866646], [""|f,0,0>"", 0.3320816716384221], [""|g,0,1>"", 0.047025063374912954]]","|g,0,1>","|f,0,0>","|g,1,0>"
1,detuned_raman_like,6.0,16.0,6.804115034441636,3.4488252783628397,-255.6696945244608,-255.6696945244608,1.0,1.0,6.0,6.0,150.00000000000003,0.9915332501121475,128.50000000000003,0.26453496073666966,3.467624027114049e-05,2.220446049250313e-16,0.6971752030038639,0.9917057761390146,128.50000000000003,0.2647005484923799,58.925565098878955,111.11111111111111,-0.0001725260268670148,0.0,"[[""|g,1,0>"", 0.9915332501121475], [""|g,0,1>"", 0.00843207364758118], [""|f,0,0>"", 3.467624027114049e-05]]","[[""|g,1,0>"", 0.6971752030038639], [""|f,0,0>"", 0.2636522975872597], [""|g,0,1>"", 0.03917249940887642]]","|g,0,1>","|f,0,0>","|g,1,0>"
1,detuned_raman_like,6.0,20.0,6.804115034441636,3.4488252783628397,-255.6696945244608,-255.6696945244608,1.0,1.0,6.0,6.0,187.5,0.9937008285820395,152.50000000000003,0.20914805143435145,1.0507904522753955e-06,0.0,0.9041639937392942,0.9938511915666054,152.50000000000003,0.20929705602921586,58.925565098878955,138.8888888888889,-0.00015036298456594377,0.0,"[[""|g,1,0>"", 0.9937008285820395], [""|g,0,1>"", 0.006298120627508409], [""|f,0,0>"", 1.0507904522753955e-06]]","[[""|g,1,0>"", 0.9041639937392942], [""|g,0,1>"", 0.08200240850515073], [""|f,0,0>"", 0.013833597755555226]]","|g,0,1>","|f,0,0>","|g,1,0>"
1,resonant_bright_state,8.0,0.0,6.804115034441636,3.4488252783628397,-255.6696945244608,-255.6696945244608,1.0,1.0,8.0,8.0,80.0,0.9998765614042101,44.00000000000001,0.49995868527143683,0.00012343130651604734,0.0,0.008223388483520336,0.9999047414776887,44.00000000000001,0.4999761848022583,44.19417382415922,,-2.8180073478600853e-05,0.0,"[[""|g,1,0>"", 0.9998765614042101], [""|f,0,0>"", 0.00012343130651604734]]","[[""|g,0,1>"", 0.8269086883221606], [""|f,0,0>"", 0.16486792319431914], [""|g,1,0>"", 0.008223388483520336]]","|g,0,1>","|f,0,0>","|g,1,0>"
1,detuned_raman_like,8.0,4.0,6.804115034441636,3.4488252783628397,-255.6696945244608,-255.6696945244608,1.0,1.0,8.0,8.0,120.00000000000001,0.9269808191222169,43.50000000000001,0.4847325179105412,4.748582084505091e-06,1.1102230246251565e-16,0.3415946849077258,0.9270744120565977,43.50000000000001,0.4847459412799671,44.19417382415922,15.625,-9.359293438082616e-05,0.0,"[[""|g,1,0>"", 0.9269808191222169], [""|g,0,1>"", 0.07301443229569851], [""|f,0,0>"", 4.748582084505091e-06]]","[[""|g,0,1>"", 0.41918227386462376], [""|g,1,0>"", 0.3415946849077258], [""|f,0,0>"", 0.23922304122765048]]","|g,0,1>","|f,0,0>","|g,1,0>"
1,detuned_raman_like,8.0,8.0,6.804115034441636,3.4488252783628397,-255.6696945244608,-255.6696945244608,1.0,1.0,8.0,8.0,120.00000000000001,0.7504504669423014,83.5,0.4443140607050207,3.9941041703156346e-05,0.0,0.0011672837396466387,0.7499472794000486,83.5,0.44444444444444453,44.19417382415922,31.25,0.0005031875422528698,0.0,"[[""|g,1,0>"", 0.7504504669423014], [""|g,0,1>"", 0.24950959201599548], [""|f,0,0>"", 3.9941041703156346e-05]]","[[""|g,0,1>"", 0.933449249133859], [""|f,0,0>"", 0.0653834671264944], [""|g,1,0>"", 0.0011672837396466387]]","|g,0,1>","|f,0,0>","|g,1,0>"
1,detuned_raman_like,8.0,12.0,6.804115034441636,3.4488252783628397,-255.6696945244608,-255.6696945244608,1.0,1.0,8.0,8.0,120.00000000000001,0.9903400029705898,78.00000000000001,0.39009532903792016,3.5158086863326934e-05,0.0,0.34777988509935787,0.9902330747210202,78.00000000000001,0.3902427104607191,44.19417382415922,46.875,0.00010692824956959335,0.0,"[[""|g,1,0>"", 0.9903400029705898], [""|g,0,1>"", 0.009624838942547297], [""|f,0,0>"", 3.5158086863326934e-05]]","[[""|g,0,1>"", 0.6347311039492267], [""|g,1,0>"", 0.34777988509935787], [""|f,0,0>"", 0.01748901095141539]]","|g,0,1>","|f,0,0>","|g,1,0>"
1,detuned_raman_like,8.0,16.0,6.804115034441636,3.4488252783628397,-255.6696945244608,-255.6696945244608,1.0,1.0,8.0,8.0,120.00000000000001,0.9417240248713094,72.00000000000001,0.33316125202545643,9.204214353867575e-05,2.220446049250313e-16,0.5780339747431028,0.9420348283529578,72.00000000000001,0.33332883472155034,44.19417382415922,62.5,-0.0003108034816484695,0.0,"[[""|g,1,0>"", 0.9417240248713094], [""|g,0,1>"", 0.058183932985151836], [""|f,0,0>"", 9.204214353867575e-05]]","[[""|g,1,0>"", 0.5780339747431028], [""|f,0,0>"", 0.23665431159346273], [""|g,0,1>"", 0.185311713663435]]","|g,0,1>","|f,0,0>","|g,1,0>"
1,detuned_raman_like,8.0,20.0,6.804115034441636,3.4488252783628397,-255.6696945244608,-255.6696945244608,1.0,1.0,8.0,8.0,120.00000000000001,0.9995575029065388,99.50000000000001,0.2805258778614498,4.659966720624646e-05,1.1102230246251565e-16,0.6141837839207369,0.9995053283828594,99.50000000000001,0.28069364470465324,44.19417382415922,78.125,5.217452367933806e-05,0.0,"[[""|g,1,0>"", 0.9995575029065388], [""|g,0,1>"", 0.0003958974262549498], [""|f,0,0>"", 4.659966720624646e-05]]","[[""|g,1,0>"", 0.6141837839207369], [""|f,0,0>"", 0.24281307873969135], [""|g,0,1>"", 0.1430031373395719]]","|g,0,1>","|f,0,0>","|g,1,0>"
1,resonant_bright_state,10.0,0.0,6.804115034441636,3.4488252783628397,-255.6696945244608,-255.6696945244608,1.0,1.0,10.0,10.0,80.0,0.9999397732513242,35.5,0.49995286946905104,6.0224600312930094e-05,0.0,0.02369041972400338,0.9999173871972258,35.5,0.49999569857444026,35.35533905932738,,2.2386054098433306e-05,0.0,"[[""|g,1,0>"", 0.9999397732513242], [""|f,0,0>"", 6.0224600312930094e-05]]","[[""|g,0,1>"", 0.7159411832863671], [""|f,0,0>"", 0.26036839698962927], [""|g,1,0>"", 0.02369041972400338]]","|g,0,1>","|f,0,0>","|g,1,0>"
1,detuned_raman_like,10.0,4.0,6.804115034441636,3.4488252783628397,-255.6696945244608,-255.6696945244608,1.0,1.0,10.0,10.0,120.00000000000001,0.9523319208347314,35.0,0.4901547475924691,2.679130742002729e-06,0.0,0.34693795595028964,0.9523946077621376,35.0,0.49019603004128187,35.35533905932738,9.999999999999998,-6.268692740618587e-05,0.0,"[[""|g,1,0>"", 0.9523319208347314], [""|g,0,1>"", 0.047665400034526725], [""|f,0,0>"", 2.679130742002729e-06]]","[[""|f,0,0>"", 0.4602941684999275], [""|g,1,0>"", 0.34693795595028964], [""|g,0,1>"", 0.19276787554978295]]","|g,0,1>","|f,0,0>","|g,1,0>"
1,detuned_raman_like,10.0,8.0,6.804115034441636,3.4488252783628397,-255.6696945244608,-255.6696945244608,1.0,1.0,10.0,10.0,120.00000000000001,0.8279127658325991,34.0,0.46287745097720506,5.332903762346002e-06,0.0,0.31961144078705755,0.8280953214227599,34.0,0.4629625404333022,35.35533905932738,19.999999999999996,-0.00018255559016078227,0.0,"[[""|g,1,0>"", 0.8279127658325991], [""|g,0,1>"", 0.17208190126363848], [""|f,0,0>"", 5.332903762346002e-06]]","[[""|f,0,0>"", 0.4602427244032411], [""|g,1,0>"", 0.31961144078705755], [""|g,0,1>"", 0.22014583480970124]]","|g,0,1>","|f,0,0>","|g,1,0>"
1,detuned_raman_like,10.0,12.0,6.804115034441636,3.4488252783628397,-255.6696945244608,-255.6696945244608,1.0,1.0,10.0,10.0,120.00000000000001,0.8867008305270685,65.0,0.42358502866370545,5.903690619278876e-05,2.220446049250313e-16,0.2385253240312823,0.8863578809819612,65.0,0.42370049008437644,35.35533905932738,29.999999999999996,0.00034294954510727393,0.0,"[[""|g,1,0>"", 0.8867008305270685], [""|g,0,1>"", 0.11324013256673852], [""|f,0,0>"", 5.903690619278876e-05]]","[[""|g,0,1>"", 0.4604146603085327], [""|f,0,0>"", 0.3010600156601848], [""|g,1,0>"", 0.2385253240312823]]","|g,0,1>","|f,0,0>","|g,1,0>"
1,detuned_raman_like,10.0,16.0,6.804115034441636,3.4488252783628397,-255.6696945244608,-255.6696945244608,1.0,1.0,10.0,10.0,120.00000000000001,0.9994356940587006,61.5,0.37860100912274586,1.7853854589645306e-05,3.3306690738754696e-16,0.002292024715001533,0.9994166681099966,61.5,0.3787697217700622,35.35533905932738,39.99999999999999,1.9025948703954576e-05,0.0,"[[""|g,1,0>"", 0.9994356940587006], [""|g,0,1>"", 0.0005464520867094405], [""|f,0,0>"", 1.7853854589645306e-05]]","[[""|g,0,1>"", 0.9564102725064991], [""|f,0,0>"", 0.04129770277849921], [""|g,1,0>"", 0.002292024715001533]]","|g,0,1>","|f,0,0>","|g,1,0>"
1,detuned_raman_like,10.0,20.0,6.804115034441636,3.4488252783628397,-255.6696945244608,-255.6696945244608,1.0,1.0,10.0,10.0,120.00000000000001,0.9416029827860318,58.0,0.3331553299742366,0.0002441194970963827,1.1102230246251565e-16,0.1991144005835059,0.9418968195239075,57.50000000000001,0.3333281321575764,35.35533905932738,50.0,-0.00029383673787564124,0.4999999999999929,"[[""|g,1,0>"", 0.9416029827860318], [""|g,0,1>"", 0.05815289771687173], [""|f,0,0>"", 0.0002441194970963827]]","[[""|g,0,1>"", 0.732544488509366], [""|g,1,0>"", 0.1991144005835059], [""|f,0,0>"", 0.06834111090712804]]","|g,0,1>","|f,0,0>","|g,1,0>"
1,resonant_bright_state,12.0,0.0,6.804115034441636,3.4488252783628397,-255.6696945244608,-255.6696945244608,1.0,1.0,12.0,12.0,80.0,0.9999976870169066,29.500000000000004,0.49975017772516334,2.3127755120134414e-06,0.0,0.6462419744059636,0.9999921256621527,29.500000000000004,0.4998599640338528,29.462782549439478,,5.56135475393571e-06,0.0,"[[""|g,1,0>"", 0.9999976870169066], [""|f,0,0>"", 2.3127755120134414e-06]]","[[""|g,1,0>"", 0.6462419744059636], [""|f,0,0>"", 0.3152918075512545], [""|g,0,1>"", 0.03846621804278175]]","|g,0,1>","|f,0,0>","|g,1,0>"
1,detuned_raman_like,12.0,4.0,6.804115034441636,3.4488252783628397,-255.6696945244608,-255.6696945244608,1.0,1.0,12.0,12.0,120.00000000000001,0.9662611272538985,29.500000000000004,0.49308342063315697,0.00028516512220882345,0.0,0.431197302745549,0.9662634991368868,29.500000000000004,0.49310566011298534,29.462782549439478,6.944444444444445,-2.371882988350116e-06,0.0,"[[""|g,1,0>"", 0.9662611272538985], [""|g,0,1>"", 0.033453707623892964], [""|f,0,0>"", 0.00028516512220882345]]","[[""|g,0,1>"", 0.5279186871687389], [""|g,1,0>"", 0.431197302745549], [""|f,0,0>"", 0.040884010085711964]]","|g,0,1>","|f,0,0>","|g,1,0>"
1,detuned_raman_like,12.0,8.0,6.804115034441636,3.4488252783628397,-255.6696945244608,-255.6696945244608,1.0,1.0,12.0,12.0,120.00000000000001,0.9832784943612368,115.00000000000001,0.4735962321264002,0.000303159449599841,2.220446049250313e-16,0.8479979558831586,0.9831241680112404,114.50000000000001,0.4736828535119519,29.462782549439478,13.88888888888889,0.00015432634999645867,0.5,"[[""|g,1,0>"", 0.9832784943612368], [""|g,0,1>"", 0.016418346189163137], [""|f,0,0>"", 0.000303159449599841]]","[[""|g,1,0>"", 0.8479979558831586], [""|f,0,0>"", 0.13112528971544968], [""|g,0,1>"", 0.020876754401391934]]","|g,0,1>","|f,0,0>","|g,1,0>"
1,detuned_raman_like,12.0,12.0,6.804115034441636,3.4488252783628397,-255.6696945244608,-255.6696945244608,1.0,1.0,12.0,12.0,120.00000000000001,0.7504220016491004,55.5,0.44431673356397927,3.6561279485853316e-05,0.0,0.5380851413510014,0.7499868512703946,55.5,0.4444268987119598,29.462782549439478,20.833333333333336,0.00043515037870589524,0.0,"[[""|g,1,0>"", 0.7504220016491004], [""|g,0,1>"", 0.24954143707141394], [""|f,0,0>"", 3.6561279485853316e-05]]","[[""|g,1,0>"", 0.5380851413510014], [""|f,0,0>"", 0.30585119836790875], [""|g,0,1>"", 0.15606366028108976]]","|g,0,1>","|f,0,0>","|g,1,0>"
1,detuned_raman_like,12.0,16.0,6.804115034441636,3.4488252783628397,-255.6696945244608,-255.6696945244608,1.0,1.0,12.0,12.0,120.00000000000001,0.9475637652858786,53.5,0.40893493915784423,0.00018364828165345296,2.220446049250313e-16,0.34336051371495113,0.9472693839503968,53.5,0.4090873941196228,29.462782549439478,27.77777777777778,0.0002943813354817637,0.0,"[[""|g,1,0>"", 0.9475637652858786], [""|g,0,1>"", 0.052252586432467815], [""|f,0,0>"", 0.00018364828165345296]]","[[""|f,0,0>"", 0.4076134650857796], [""|g,1,0>"", 0.34336051371495113], [""|g,0,1>"", 0.24902602119926948]]","|g,0,1>","|f,0,0>","|g,1,0>"
1,detuned_raman_like,12.0,20.0,6.804115034441636,3.4488252783628397,-255.6696945244608,-255.6696945244608,1.0,1.0,12.0,12.0,120.00000000000001,0.9991243691277095,51.0,0.3709602126006322,0.00026716322966334553,0.0,0.3044465546388541,0.9991115292517477,51.0,0.3711245273730455,29.462782549439478,34.72222222222223,1.2839875961789815e-05,0.0,"[[""|g,1,0>"", 0.9991243691277095], [""|g,0,1>"", 0.0006084676426272338], [""|f,0,0>"", 0.00026716322966334553]]","[[""|g,0,1>"", 0.4753114082484799], [""|g,1,0>"", 0.3044465546388541], [""|f,0,0>"", 0.22024203711266627]]","|g,0,1>","|f,0,0>","|g,1,0>"
1,resonant_bright_state,14.0,0.0,6.804115034441636,3.4488252783628397,-255.6696945244608,-255.6696945244608,1.0,1.0,14.0,14.0,80.0,0.9997201782854643,76.0,0.4999195186313711,0.0002797992927688447,0.0,0.8811701587958167,0.999559720655172,76.0,0.49988991804575594,25.25381361380527,,0.00016045763029237659,0.0,"[[""|g,1,0>"", 0.9997201782854643], [""|f,0,0>"", 0.0002797992927688447], [""|g,0,1>"", 2.2421766838797602e-08]]","[[""|g,1,0>"", 0.8811701587958167], [""|f,0,0>"", 0.11507074608931116], [""|g,0,1>"", 0.0037590951148718196]]","|g,0,1>","|f,0,0>","|g,1,0>"
1,detuned_raman_like,14.0,4.0,6.804115034441636,3.4488252783628397,-255.6696945244608,-255.6696945244608,1.0,1.0,14.0,14.0,120.00000000000001,0.9751033268942494,25.000000000000004,0.4949049780382416,0.00014935313862615005,0.0,0.37830589332641434,0.9751634073011953,25.000000000000004,0.4949223854404947,25.25381361380527,5.1020408163265305,-6.00804069459393e-05,0.0,"[[""|g,1,0>"", 0.9751033268942494], [""|g,0,1>"", 0.02474731996712442], [""|f,0,0>"", 0.00014935313862615005]]","[[""|g,0,1>"", 0.3999845934426336], [""|g,1,0>"", 0.37830589332641434], [""|f,0,0>"", 0.22170951323095214]]","|g,0,1>","|f,0,0>","|g,1,0>"
1,detuned_raman_like,14.0,8.0,6.804115034441636,3.4488252783628397,-255.6696945244608,-255.6696945244608,1.0,1.0,14.0,14.0,120.00000000000001,0.9058286746446693,25.000000000000004,0.48028813130913955,0.0004258750047194108,3.3306690738754696e-16,0.0037093908023214757,0.9058952622519262,25.000000000000004,0.4803012370963477,25.25381361380527,10.204081632653061,-6.658760725686275e-05,0.0,"[[""|g,1,0>"", 0.9058286746446693], [""|g,0,1>"", 0.09374545035061105], [""|f,0,0>"", 0.0004258750047194108]]","[[""|g,0,1>"", 0.8829694212671928], [""|f,0,0>"", 0.11332118793048544], [""|g,1,0>"", 0.0037093908023214757]]","|g,0,1>","|f,0,0>","|g,1,0>"
1,detuned_raman_like,14.0,12.0,6.804115034441636,3.4488252783628397,-255.6696945244608,-255.6696945244608,1.0,1.0,14.0,14.0,120.00000000000001,0.9372912936468851,96.50000000000001,0.4578230913972996,0.0003732994756336029,2.220446049250313e-16,0.419751212835138,0.9378708209590477,96.50000000000001,0.45789567286782973,25.25381361380527,15.306122448979592,-0.0005795273121625977,0.0,"[[""|g,1,0>"", 0.9372912936468851], [""|g,0,1>"", 0.06233540687748106], [""|f,0,0>"", 0.0003732994756336029]]","[[""|g,0,1>"", 0.5715255836610816], [""|g,1,0>"", 0.419751212835138], [""|f,0,0>"", 0.008723203503780249]]","|g,0,1>","|f,0,0>","|g,1,0>"
1,detuned_raman_like,14.0,16.0,6.804115034441636,3.4488252783628397,-255.6696945244608,-255.6696945244608,1.0,1.0,14.0,14.0,120.00000000000001,0.9612262443011407,117.0,0.4296903605622956,0.00011560506128186233,1.1102230246251565e-16,0.9072886195597984,0.9607932369428187,117.0,0.4298141887885594,25.25381361380527,20.408163265306122,0.00043300735832196846,0.0,"[[""|g,1,0>"", 0.9612262443011407], [""|g,0,1>"", 0.038658150637577424], [""|f,0,0>"", 0.00011560506128186233]]","[[""|g,1,0>"", 0.9072886195597984], [""|f,0,0>"", 0.05419413308030993], [""|g,0,1>"", 0.03851724735989164]]","|g,0,1>","|f,0,0>","|g,1,0>"
1,detuned_raman_like,14.0,20.0,6.804115034441636,3.4488252783628397,-255.6696945244608,-255.6696945244608,1.0,1.0,14.0,14.0,120.00000000000001,0.9764238611012472,45.00000000000001,0.39821731674539534,7.49852454430658e-05,0.0,0.629393061268247,0.9762795386434429,45.00000000000001,0.3983440809171539,25.25381361380527,25.510204081632654,0.00014432245780438002,0.0,"[[""|g,1,0>"", 0.9764238611012472], [""|g,0,1>"", 0.023501153653309743], [""|f,0,0>"", 7.49852454430658e-05]]","[[""|g,1,0>"", 0.629393061268247], [""|f,0,0>"", 0.2762199729949977], [""|g,0,1>"", 0.09438696573675535]]","|g,0,1>","|f,0,0>","|g,1,0>"
2,resonant_bright_state,4.0,0.0,6.798434192441636,3.4431444363628407,-261.3505365244608,-261.3505365244608,1.4142135623730951,1.0,2.82842712474619,4.0,141.0,0.6855253515018647,82.0,0.5085290064503678,0.055932164089268724,0.2581945670755791,0.0937621224073204,0.9999921256621533,88.5,0.4999956985744398,88.38834764831844,,-0.3144667741602887,-6.5,"[[""|g,1,1>"", 0.6855253515018647], [""|g,2,0>"", 0.14559808865318402], [""|f,1,0>"", 0.11259647842239513], [""|f,0,1>"", 0.055932164089268724], [""|g,0,2>"", 0.0003479173332874921]]","[[""|g,2,0>"", 0.36534048562264415], [""|f,0,1>"", 0.2866495085140311], [""|g,0,2>"", 0.1535030674255655], [""|f,1,0>"", 0.10074481603043844], [""|g,1,1>"", 0.0937621224073204]]","|g,0,2>","|f,0,1>","|g,1,1>"
2,detuned_raman_like,4.0,4.0,6.798434192441636,3.4431444363628407,-261.3505365244608,-261.3505365244608,1.4142135623730951,1.0,2.82842712474619,4.0,120.00000000000001,0.5372708005874927,78.00000000000001,0.4502636197031364,0.037107321204471924,0.1720675648136032,0.31250291654963114,0.7499868512703931,83.5,0.44442689871195934,88.38834764831844,62.5,-0.21271605068290045,-5.499999999999986,"[[""|g,1,1>"", 0.5372708005874927], [""|g,0,2>"", 0.2535543133944323], [""|g,2,0>"", 0.09234178053947095], [""|f,1,0>"", 0.07972578427413207], [""|f,0,1>"", 0.037107321204471924]]","[[""|g,1,1>"", 0.31250291654963114], [""|g,2,0>"", 0.28729646153002586], [""|f,0,1>"", 0.26745385515107517], [""|g,0,2>"", 0.12721988201549922], [""|f,1,0>"", 0.005526884753768674]]","|g,0,2>","|f,0,1>","|g,1,1>"
2,detuned_raman_like,4.0,8.0,6.798434192441636,3.4431444363628407,-261.3505365244608,-261.3505365244608,1.4142135623730951,1.0,2.82842712474619,4.0,168.5,0.5815880460792371,136.0,0.3356125919507986,0.05772874963040491,0.2640235232678163,0.38399784703315454,0.9420870403503151,144.5,0.33332883472155034,88.38834764831844,125.0,-0.360498994271078,-8.5,"[[""|g,1,1>"", 0.5815880460792371], [""|g,2,0>"", 0.14307922709677687], [""|f,1,0>"", 0.12094429617103934], [""|g,0,2>"", 0.09665968102254173], [""|f,0,1>"", 0.05772874963040491]]","[[""|g,2,0>"", 0.4410629275061922], [""|g,1,1>"", 0.38399784703315454], [""|f,0,1>"", 0.09491023783951236], [""|g,0,2>"", 0.07702015383915238], [""|f,1,0>"", 0.0030088337819887045]]","|g,0,2>","|f,0,1>","|g,1,1>"
2,detuned_raman_like,4.0,12.0,6.798434192441636,3.4431444363628407,-261.3505365244608,-261.3505365244608,1.4142135623730951,1.0,2.82842712474619,4.0,253.0,0.5522024721551181,173.5,0.2359730989269068,0.0454295616315975,0.26634657593394717,0.34498029525278645,0.9803329709825672,242.5,0.23529259233082764,88.38834764831844,187.5,-0.42813049882744914,-69.0,"[[""|g,1,1>"", 0.5522024721551181], [""|g,2,0>"", 0.1714751028990626], [""|g,0,2>"", 0.13602139027933727], [""|f,1,0>"", 0.09487147303488465], [""|f,0,1>"", 0.0454295616315975]]","[[""|g,2,0>"", 0.5987889194051489], [""|g,1,1>"", 0.34498029525278645], [""|f,1,0>"", 0.04601752463303093], [""|g,0,2>"", 0.008051101569044023], [""|f,0,1>"", 0.0021621591399900403]]","|g,0,2>","|f,0,1>","|g,1,1>"
2,detuned_raman_like,4.0,16.0,6.798434192441636,3.4431444363628407,-261.3505365244608,-261.3505365244608,1.4142135623730951,1.0,2.82842712474619,4.0,337.5,0.5297647713471536,197.0,0.1668159237199165,0.029997359516128082,0.21821690036679775,0.26502652550493144,0.9832919656468365,255.0,0.16666651455598877,88.38834764831844,250.0,-0.4535271942996829,-58.0,"[[""|g,1,1>"", 0.5297647713471536], [""|g,0,2>"", 0.22202096876992056], [""|g,2,0>"", 0.15516794310317242], [""|f,1,0>"", 0.06304895726362543], [""|f,0,1>"", 0.029997359516128082]]","[[""|g,2,0>"", 0.5981273064440252], [""|g,1,1>"", 0.26502652550493144], [""|f,1,0>"", 0.07222733210394436], [""|f,0,1>"", 0.04451053737955256], [""|g,0,2>"", 0.02010829856754628]]","|g,0,2>","|f,0,1>","|g,1,1>"
2,detuned_raman_like,4.0,20.0,6.798434192441636,3.4431444363628407,-261.3505365244608,-261.3505365244608,1.4142135623730951,1.0,2.82842712474619,4.0,421.5,0.5246730167940177,254.00000000000003,0.1211750216123147,0.02543386540770352,0.26481428102263116,0.23357200134880834,0.9966300767830545,348.00000000000006,0.12120940572031763,88.38834764831844,312.5,-0.4719570599890368,-94.00000000000003,"[[""|g,1,1>"", 0.5246730167940177], [""|g,2,0>"", 0.2119097367603709], [""|g,0,2>"", 0.18507883677564765], [""|f,1,0>"", 0.052904544262259975], [""|f,0,1>"", 0.02543386540770352]]","[[""|g,2,0>"", 0.639667107733986], [""|g,1,1>"", 0.23357200134880834], [""|f,1,0>"", 0.07794681077826394], [""|f,0,1>"", 0.03000322779023853], [""|g,0,2>"", 0.018810852348703316]]","|g,0,2>","|f,0,1>","|g,1,1>"
2,resonant_bright_state,6.0,0.0,6.798434192441636,3.4431444363628407,-261.3505365244608,-261.3505365244608,1.4142135623730951,1.0,4.242640687119285,6.0,94.00000000000001,0.6853674050160731,54.50000000000001,0.5085218705741703,0.05846405312397171,0.25587463361908347,0.09374439806552909,0.9999921256621527,59.00000000000001,0.4999980314116625,58.925565098878955,,-0.3146247206460796,-4.5,"[[""|g,1,1>"", 0.6853674050160731], [""|g,2,0>"", 0.1434050723876194], [""|f,1,0>"", 0.1124695612314641], [""|f,0,1>"", 0.05846405312397171], [""|g,0,2>"", 0.0002939082408716687]]","[[""|g,2,0>"", 0.36558774287355306], [""|f,0,1>"", 0.28646285818425277], [""|g,0,2>"", 0.15338067827715288], [""|f,1,0>"", 0.10082432259951228], [""|g,1,1>"", 0.09374439806552909]]","|g,0,2>","|f,0,1>","|g,1,1>"
2,detuned_raman_like,6.0,4.0,6.798434192441636,3.4431444363628407,-261.3505365244608,-261.3505365244608,1.4142135623730951,1.0,4.242640687119285,6.0,120.00000000000001,0.6128006636094678,53.5,0.4808365480566512,0.045387399312384974,0.21523550951449355,0.19232968011090845,0.8756352907478213,57.50000000000001,0.4736828535119519,58.925565098878955,27.77777777777778,-0.2628346271383535,-4.000000000000007,"[[""|g,1,1>"", 0.6128006636094678], [""|g,0,2>"", 0.12657642756365367], [""|g,2,0>"", 0.11900443988281834], [""|f,1,0>"", 0.09623106963167563], [""|f,0,1>"", 0.045387399312384974]]","[[""|g,0,2>"", 0.31985352682514456], [""|g,2,0>"", 0.27431321696958266], [""|f,1,0>"", 0.20561903292563188], [""|g,1,1>"", 0.19232968011090845], [""|f,0,1>"", 0.007884543168732482]]","|g,0,2>","|f,0,1>","|g,1,1>"
2,detuned_raman_like,6.0,8.0,6.798434192441636,3.4431444363628407,-261.3505365244608,-261.3505365244608,1.4142135623730951,1.0,4.242640687119285,6.0,120.00000000000001,0.5005522365346682,99.0,0.4135658791770994,0.10031142694099382,0.3841481955198718,0.3051102905764812,0.9474712059606536,106.50000000000001,0.4090873941196228,58.925565098878955,55.55555555555556,-0.4469189694259854,-7.500000000000014,"[[""|g,1,1>"", 0.5005522365346682], [""|f,1,0>"", 0.19977337091331207], [""|g,2,0>"", 0.1843748246065597], [""|f,0,1>"", 0.10031142694099382], [""|g,0,2>"", 0.01498814100446621]]","[[""|g,2,0>"", 0.6158495496343067], [""|g,1,1>"", 0.3051102905764812], [""|f,1,0>"", 0.04087690536594741], [""|f,0,1>"", 0.026754381541440702], [""|g,0,2>"", 0.01140887288182442]]","|g,0,2>","|f,0,1>","|g,1,1>"
2,detuned_raman_like,6.0,12.0,6.798434192441636,3.4431444363628407,-261.3505365244608,-261.3505365244608,1.4142135623730951,1.0,4.242640687119285,6.0,120.00000000000001,0.5811234777314357,90.50000000000001,0.33555761666182704,0.05948871796497336,0.26213631541365456,0.3481159601691551,0.9420348283529572,96.00000000000001,0.33332883472155006,58.925565098878955,83.33333333333334,-0.36091135062152147,-5.5,"[[""|g,1,1>"", 0.5811234777314357], [""|g,2,0>"", 0.1402683710344759], [""|f,1,0>"", 0.1218679443791788], [""|g,0,2>"", 0.09725148888993639], [""|f,0,1>"", 0.05948871796497336]]","[[""|g,2,0>"", 0.4285104706044265], [""|g,1,1>"", 0.3481159601691551], [""|f,0,1>"", 0.14927945989139174], [""|g,0,2>"", 0.052700238114661326], [""|f,1,0>"", 0.02139387122036524]]","|g,0,2>","|f,0,1>","|g,1,1>"
2,detuned_raman_like,6.0,16.0,6.798434192441636,3.4431444363628407,-261.3505365244608,-261.3505365244608,1.4142135623730951,1.0,4.242640687119285,6.0,150.00000000000003,0.5360262330634324,121.5,0.2657586817454565,0.06426165498096326,0.3432403571653051,0.3354652778489321,0.9917057761390146,128.50000000000003,0.2647005484923799,58.925565098878955,111.11111111111111,-0.4556795430755821,-7.000000000000028,"[[""|g,1,1>"", 0.5360262330634324], [""|g,2,0>"", 0.21885648012167963], [""|f,1,0>"", 0.12438387704362583], [""|f,0,1>"", 0.06426165498096326], [""|g,0,2>"", 0.05647175479029919]]","[[""|g,2,0>"", 0.5140954241231527], [""|g,1,1>"", 0.3354652778489321], [""|f,0,1>"", 0.09197934342289273], [""|g,0,2>"", 0.03448906321877203], [""|f,1,0>"", 0.023970891386250224]]","|g,0,2>","|f,0,1>","|g,1,1>"
2,detuned_raman_like,6.0,20.0,6.798434192441636,3.4431444363628407,-261.3505365244608,-261.3505365244608,1.4142135623730951,1.0,4.242640687119285,6.0,187.5,0.5294307407994512,109.50000000000001,0.2097283222952469,0.034746871284910774,0.19578707242858595,0.3311013145767128,0.9938511915666054,152.50000000000003,0.20929705602921586,58.925565098878955,138.8888888888889,-0.4644204507671542,-43.000000000000014,"[[""|g,1,1>"", 0.5294307407994512], [""|g,0,2>"", 0.24003531548705198], [""|g,2,0>"", 0.12414752941172577], [""|f,1,0>"", 0.07163954301686035], [""|f,0,1>"", 0.034746871284910774]]","[[""|g,2,0>"", 0.487510931986652], [""|g,1,1>"", 0.3311013145767128], [""|f,1,0>"", 0.1431115639187712], [""|f,0,1>"", 0.02655507487115969], [""|g,0,2>"", 0.011721114646704342]]","|g,0,2>","|f,0,1>","|g,1,1>"
2,resonant_bright_state,8.0,0.0,6.798434192441636,3.4431444363628407,-261.3505365244608,-261.3505365244608,1.4142135623730951,1.0,5.65685424949238,8.0,80.0,0.6853367492970465,41.0,0.5085239315319933,0.05591409384336641,0.25840107314430616,0.05074128166136619,0.9999047414776887,44.00000000000001,0.4999761848022583,44.19417382415922,,-0.31456799218064224,-3.000000000000007,"[[""|g,1,1>"", 0.6853367492970465], [""|g,2,0>"", 0.1457037905229555], [""|f,1,0>"", 0.11269728262135076], [""|f,0,1>"", 0.05591409384336641], [""|g,0,2>"", 0.0003480837152809794]]","[[""|g,0,2>"", 0.3844113881892026], [""|f,1,0>"", 0.2964716186505309], [""|f,0,1>"", 0.17239718798819997], [""|g,2,0>"", 0.09597852351070049], [""|g,1,1>"", 0.05074128166136619]]","|g,0,2>","|f,0,1>","|g,1,1>"
2,detuned_raman_like,8.0,4.0,6.798434192441636,3.4431444363628407,-261.3505365244608,-261.3505365244608,1.4142135623730951,1.0,5.65685424949238,8.0,120.00000000000001,0.6430289863864798,40.50000000000001,0.4925336783914721,0.049673410806752374,0.23290148684060485,0.20055281745846434,0.9270744120565977,43.50000000000001,0.4847459412799671,44.19417382415922,15.625,-0.2840454256701179,-3.0,"[[""|g,1,1>"", 0.6430289863864798], [""|g,2,0>"", 0.1298769222980437], [""|f,1,0>"", 0.10302456454256079], [""|g,0,2>"", 0.07439611596616306], [""|f,0,1>"", 0.049673410806752374]]","[[""|f,1,0>"", 0.3571760150140032], [""|g,0,2>"", 0.2639193799880169], [""|g,1,1>"", 0.20055281745846434], [""|f,0,1>"", 0.11413845354498584], [""|g,2,0>"", 0.06421333399452937]]","|g,0,2>","|f,0,1>","|g,1,1>"
2,detuned_raman_like,8.0,8.0,6.798434192441636,3.4431444363628407,-261.3505365244608,-261.3505365244608,1.4142135623730951,1.0,5.65685424949238,8.0,120.00000000000001,0.5358012098433913,39.00000000000001,0.4502500955750689,0.037112448829246796,0.17374137164874393,0.1501962104393412,0.7499472794000486,83.5,0.44444444444444453,44.19417382415922,31.25,-0.21414606955665727,-44.49999999999999,"[[""|g,1,1>"", 0.5358012098433913], [""|g,0,2>"", 0.25334496967861797], [""|g,2,0>"", 0.09306558384705813], [""|f,1,0>"", 0.08067578780168606], [""|f,0,1>"", 0.037112448829246796]]","[[""|f,1,0>"", 0.36979410213650976], [""|g,0,2>"", 0.28932851180563873], [""|g,1,1>"", 0.1501962104393412], [""|f,0,1>"", 0.10440670894934194], [""|g,2,0>"", 0.08627446666916837]]","|g,0,2>","|f,0,1>","|g,1,1>"
2,detuned_raman_like,8.0,12.0,6.798434192441636,3.4431444363628407,-261.3505365244608,-261.3505365244608,1.4142135623730951,1.0,5.65685424949238,8.0,120.00000000000001,0.5439405871380313,72.50000000000001,0.3939673062326149,0.09359454441218,0.3534026293873488,0.17555024307127268,0.9902330747210202,78.00000000000001,0.3902427104607191,44.19417382415922,46.875,-0.4462924875829889,-5.5,"[[""|g,1,1>"", 0.5439405871380313], [""|f,1,0>"", 0.17816618782577912], [""|g,2,0>"", 0.17523644156156964], [""|f,0,1>"", 0.09359454441218], [""|g,0,2>"", 0.009062239062440004]]","[[""|g,2,0>"", 0.3617369525296545], [""|g,0,2>"", 0.23307357755316155], [""|f,1,0>"", 0.20265378499085823], [""|g,1,1>"", 0.17555024307127268], [""|f,0,1>"", 0.02698544185505327]]","|g,0,2>","|f,0,1>","|g,1,1>"
2,detuned_raman_like,8.0,16.0,6.798434192441636,3.4431444363628407,-261.3505365244608,-261.3505365244608,1.4142135623730951,1.0,5.65685424949238,8.0,120.00000000000001,0.5808753497185766,68.0,0.33555481335778753,0.05712218325685655,0.2646905218600678,0.2116885015554543,0.9420348283529578,72.00000000000001,0.33332883472155034,44.19417382415922,62.5,-0.36115947863438125,-4.000000000000014,"[[""|g,1,1>"", 0.5808753497185766], [""|g,2,0>"", 0.141808702090249], [""|f,1,0>"", 0.12288181976981885], [""|g,0,2>"", 0.09731194516449905], [""|f,0,1>"", 0.05712218325685655]]","[[""|g,2,0>"", 0.7320875947376745], [""|g,1,1>"", 0.2116885015554543], [""|g,0,2>"", 0.034786449885805155], [""|f,0,1>"", 0.01617645121109871], [""|f,1,0>"", 0.0052610026099673335]]","|g,0,2>","|f,0,1>","|g,1,1>"
2,detuned_raman_like,8.0,20.0,6.798434192441636,3.4431444363628407,-261.3505365244608,-261.3505365244608,1.4142135623730951,1.0,5.65685424949238,8.0,120.00000000000001,0.5200223924780528,63.00000000000001,0.2819421036830667,0.03475847778225724,0.1721441834218742,0.2769001972785911,0.9995053283828594,99.50000000000001,0.28069364470465324,44.19417382415922,78.125,-0.4794829359048066,-36.50000000000001,"[[""|g,1,1>"", 0.5200223924780528], [""|g,0,2>"", 0.27307494631781576], [""|g,2,0>"", 0.09292413266757774], [""|f,1,0>"", 0.07922005075429688], [""|f,0,1>"", 0.03475847778225724]]","[[""|g,2,0>"", 0.5047766801970139], [""|g,1,1>"", 0.2769001972785911], [""|f,1,0>"", 0.09841305638873558], [""|f,0,1>"", 0.09157269477564557], [""|g,0,2>"", 0.028337371360013876]]","|g,0,2>","|f,0,1>","|g,1,1>"
2,resonant_bright_state,10.0,0.0,6.798434192441636,3.4431444363628407,-261.3505365244608,-261.3505365244608,1.4142135623730951,1.0,7.071067811865475,10.0,80.0,0.685177326830001,33.00000000000001,0.5085277186578118,0.050980449655089646,0.263376739855253,0.15064512615582348,0.9999173871972258,35.5,0.49999569857444026,35.35533905932738,,-0.3147400603672248,-2.499999999999993,"[[""|g,1,1>"", 0.685177326830001], [""|g,2,0>"", 0.15031779956070457], [""|f,1,0>"", 0.11305894029454862], [""|f,0,1>"", 0.050980449655089646], [""|g,0,2>"", 0.00046548365965639715]]","[[""|g,0,2>"", 0.6437844715338319], [""|g,1,1>"", 0.15064512615582348], [""|g,2,0>"", 0.14551649337161895], [""|f,1,0>"", 0.05717372213517133], [""|f,0,1>"", 0.0028801868035539893]]","|g,0,2>","|f,0,1>","|g,1,1>"
2,detuned_raman_like,10.0,4.0,6.798434192441636,3.4431444363628407,-261.3505365244608,-261.3505365244608,1.4142135623730951,1.0,7.071067811865475,10.0,120.00000000000001,0.6577804351932158,32.5,0.4980079961106666,0.05283306561637903,0.24076526760651595,0.1879719176869012,0.9523946077621376,35.0,0.49019603004128187,35.35533905932738,9.999999999999998,-0.29461417256892175,-2.5,"[[""|g,1,1>"", 0.6577804351932158], [""|g,2,0>"", 0.13445076225369004], [""|f,1,0>"", 0.10631450535282558], [""|f,0,1>"", 0.05283306561637903], [""|g,0,2>"", 0.048621231583889195]]","[[""|g,2,0>"", 0.4557671425669703], [""|g,0,2>"", 0.3219415079086677], [""|g,1,1>"", 0.1879719176869012], [""|f,0,1>"", 0.02144085799510084], [""|f,1,0>"", 0.012878573842359952]]","|g,0,2>","|f,0,1>","|g,1,1>"
2,detuned_raman_like,10.0,8.0,6.798434192441636,3.4431444363628407,-261.3505365244608,-261.3505365244608,1.4142135623730951,1.0,7.071067811865475,10.0,120.00000000000001,0.5833570617330501,31.500000000000004,0.4693770948674199,0.04854310549375939,0.19475747952867561,0.14560333290666713,0.8280953214227599,34.0,0.4629625404333022,35.35533905932738,19.999999999999996,-0.24473825968970975,-2.4999999999999964,"[[""|g,1,1>"", 0.5833570617330501], [""|g,0,2>"", 0.17334235324451483], [""|g,2,0>"", 0.10452418137875459], [""|f,1,0>"", 0.0902332981499212], [""|f,0,1>"", 0.04854310549375939]]","[[""|g,0,2>"", 0.6299755068809302], [""|g,1,1>"", 0.14560333290666713], [""|g,2,0>"", 0.13630062246412133], [""|f,1,0>"", 0.08757938254512387], [""|f,0,1>"", 0.0005411552031575872]]","|g,0,2>","|f,0,1>","|g,1,1>"
2,detuned_raman_like,10.0,12.0,6.798434192441636,3.4431444363628407,-261.3505365244608,-261.3505365244608,1.4142135623730951,1.0,7.071067811865475,10.0,120.00000000000001,0.4846144944351956,30.500000000000004,0.4287290206633463,0.03272198452891826,0.14768888198507119,0.1980759640223069,0.8863578809819612,65.0,0.42370049008437644,35.35533905932738,29.999999999999996,-0.4017433865467656,-34.5,"[[""|g,1,1>"", 0.4846144944351956], [""|g,0,2>"", 0.3349746390508149], [""|g,2,0>"", 0.07696753382181039], [""|f,1,0>"", 0.07072134816326106], [""|f,0,1>"", 0.03272198452891826]]","[[""|g,0,2>"", 0.40143891688111205], [""|f,1,0>"", 0.25142377752668865], [""|g,1,1>"", 0.1980759640223069], [""|g,2,0>"", 0.10807218604139467], [""|f,0,1>"", 0.040989155528497793]]","|g,0,2>","|f,0,1>","|g,1,1>"
2,detuned_raman_like,10.0,16.0,6.798434192441636,3.4431444363628407,-261.3505365244608,-261.3505365244608,1.4142135623730951,1.0,7.071067811865475,10.0,120.00000000000001,0.56208018405056,57.50000000000001,0.38227250465496715,0.08117908894453425,0.34255873232222844,0.2353867563479163,0.9994166681099966,61.5,0.3787697217700622,35.35533905932738,39.99999999999999,-0.4373364840594366,-3.999999999999993,"[[""|g,1,1>"", 0.56208018405056], [""|g,2,0>"", 0.17441376523014337], [""|f,1,0>"", 0.16814496709208493], [""|f,0,1>"", 0.08117908894453425], [""|g,0,2>"", 0.01418199468267717]]","[[""|f,1,0>"", 0.30824725450476886], [""|g,0,2>"", 0.2600080475559254], [""|g,1,1>"", 0.2353867563479163], [""|g,2,0>"", 0.10983271684359579], [""|f,0,1>"", 0.08652522474779321]]","|g,0,2>","|f,0,1>","|g,1,1>"
2,detuned_raman_like,10.0,20.0,6.798434192441636,3.4431444363628407,-261.3505365244608,-261.3505365244608,1.4142135623730951,1.0,7.071067811865475,10.0,120.00000000000001,0.5807269036464924,54.0,0.3356284247894969,0.06572603093095572,0.255420765351278,0.20137812526434176,0.9418968195239075,57.50000000000001,0.3333281321575764,35.35533905932738,50.0,-0.3611699158774151,-3.500000000000007,"[[""|g,1,1>"", 0.5807269036464924], [""|g,2,0>"", 0.1340132684349185], [""|f,1,0>"", 0.12140749691635916], [""|g,0,2>"", 0.09812630007127388], [""|f,0,1>"", 0.06572603093095572]]","[[""|g,2,0>"", 0.4328441161557671], [""|g,0,2>"", 0.24351789849301309], [""|g,1,1>"", 0.20137812526434176], [""|f,1,0>"", 0.09609516689094232], [""|f,0,1>"", 0.026164693195935698]]","|g,0,2>","|f,0,1>","|g,1,1>"
2,resonant_bright_state,12.0,0.0,6.798434192441636,3.4431444363628407,-261.3505365244608,-261.3505365244608,1.4142135623730951,1.0,8.48528137423857,12.0,80.0,0.6851622232773912,27.5,0.5085297803527599,0.05096789689640409,0.2634038540831789,0.21345242294537453,0.9999921256621527,29.500000000000004,0.4998599640338528,29.462782549439478,,-0.3148299023847615,-2.0000000000000036,"[[""|g,1,1>"", 0.6851622232773912], [""|g,2,0>"", 0.15033668563896888], [""|f,1,0>"", 0.11306716844420972], [""|f,0,1>"", 0.05096789689640409], [""|g,0,2>"", 0.00046602574302579867]]","[[""|g,0,2>"", 0.3500791320446054], [""|f,1,0>"", 0.32266951638784486], [""|g,1,1>"", 0.21345242294537453], [""|f,0,1>"", 0.10234338820124803], [""|g,2,0>"", 0.011455540420927115]]","|g,0,2>","|f,0,1>","|g,1,1>"
2,detuned_raman_like,12.0,4.0,6.798434192441636,3.4431444363628407,-261.3505365244608,-261.3505365244608,1.4142135623730951,1.0,8.48528137423857,12.0,120.00000000000001,0.6659066722239005,27.0,0.5011988488394433,0.05853715115417721,0.24155944965494747,0.24879767259320804,0.9662634991368868,29.500000000000004,0.49310566011298534,29.462782549439478,6.944444444444445,-0.30035682691298626,-2.5000000000000036,"[[""|g,1,1>"", 0.6659066722239005], [""|g,2,0>"", 0.13371335569034318], [""|f,1,0>"", 0.1078460939646038], [""|f,0,1>"", 0.05853715115417721], [""|g,0,2>"", 0.03399672696697481]]","[[""|f,0,1>"", 0.28536599017257225], [""|g,1,1>"", 0.24879767259320804], [""|g,2,0>"", 0.17259235947011886], [""|g,0,2>"", 0.1549947042322865], [""|f,1,0>"", 0.1382492735318144]]","|g,0,2>","|f,0,1>","|g,1,1>"
2,detuned_raman_like,12.0,8.0,6.798434192441636,3.4431444363628407,-261.3505365244608,-261.3505365244608,1.4142135623730951,1.0,8.48528137423857,12.0,120.00000000000001,0.6118893422558851,26.500000000000004,0.48082076761425835,0.052511775274685785,0.21016445326390842,0.11554051655412528,0.9831241680112404,114.50000000000001,0.4736828535119519,29.462782549439478,13.88888888888889,-0.37123482575535527,-88.00000000000001,"[[""|g,1,1>"", 0.6118893422558851], [""|g,0,2>"", 0.12543442920552075], [""|g,2,0>"", 0.11389845311279657], [""|f,1,0>"", 0.09626600015111175], [""|f,0,1>"", 0.052511775274685785]]","[[""|g,2,0>"", 0.42739821816033086], [""|f,0,1>"", 0.26135635465104223], [""|g,0,2>"", 0.12451589366892557], [""|g,1,1>"", 0.11554051655412528], [""|f,1,0>"", 0.0711890169655762]]","|g,0,2>","|f,0,1>","|g,1,1>"
2,detuned_raman_like,12.0,12.0,6.798434192441636,3.4431444363628407,-261.3505365244608,-261.3505365244608,1.4142135623730951,1.0,8.48528137423857,12.0,120.00000000000001,0.5353306707882353,26.0,0.4502483291175232,0.03708735145724629,0.17431230524261032,0.13662210018470036,0.7499868512703946,55.5,0.4444268987119598,29.462782549439478,20.833333333333336,-0.2146561804821593,-29.5,"[[""|g,1,1>"", 0.5353306707882353], [""|g,0,2>"", 0.25326967251190813], [""|g,2,0>"", 0.09332330904456611], [""|f,1,0>"", 0.08098899619804403], [""|f,0,1>"", 0.03708735145724629]]","[[""|g,2,0>"", 0.36482837092368425], [""|g,0,2>"", 0.34328799393576187], [""|f,0,1>"", 0.15204136400928156], [""|g,1,1>"", 0.13662210018470036], [""|f,1,0>"", 0.003220170946572107]]","|g,0,2>","|f,0,1>","|g,1,1>"
2,detuned_raman_like,12.0,16.0,6.798434192441636,3.4431444363628407,-261.3505365244608,-261.3505365244608,1.4142135623730951,1.0,8.48528137423857,12.0,120.00000000000001,0.5022305860148449,49.5,0.41355624552029385,0.09954576088229092,0.38357096815973135,0.10268407935174118,0.9472693839503968,53.5,0.4090873941196228,29.462782549439478,27.77777777777778,-0.4450387979355519,-4.0,"[[""|g,1,1>"", 0.5022305860148449], [""|f,1,0>"", 0.20121699271350577], [""|g,2,0>"", 0.18235397544622578], [""|f,0,1>"", 0.09954576088229092], [""|g,0,2>"", 0.01465268494313273]]","[[""|g,0,2>"", 0.6944083722734452], [""|g,2,0>"", 0.12808727872489056], [""|g,1,1>"", 0.10268407935174118], [""|f,1,0>"", 0.05666677049350437], [""|f,0,1>"", 0.018153499156418656]]","|g,0,2>","|f,0,1>","|g,1,1>"
2,detuned_raman_like,12.0,20.0,6.798434192441636,3.4431444363628407,-261.3505365244608,-261.3505365244608,1.4142135623730951,1.0,8.48528137423857,12.0,120.00000000000001,0.5709460460785907,47.5,0.3741914026241588,0.07664033961924845,0.3304501193377988,0.19687932362615315,0.9991115292517477,51.0,0.3711245273730455,29.462782549439478,34.72222222222223,-0.42816548317315706,-3.5,"[[""|g,1,1>"", 0.5709460460785907], [""|g,2,0>"", 0.16997497742775056], [""|f,1,0>"", 0.16047514191004839], [""|f,0,1>"", 0.07664033961924845], [""|g,0,2>"", 0.02196349496436209]]","[[""|g,0,2>"", 0.49777370979593094], [""|f,1,0>"", 0.22560122847146924], [""|g,1,1>"", 0.19687932362615315], [""|g,2,0>"", 0.0515539212528578], [""|f,0,1>"", 0.028191816853589083]]","|g,0,2>","|f,0,1>","|g,1,1>"
2,resonant_bright_state,14.0,0.0,6.798434192441636,3.4431444363628407,-261.3505365244608,-261.3505365244608,1.4142135623730951,1.0,9.899494936611665,14.0,80.0,0.6852491629782842,23.500000000000004,0.5083393736356491,0.05338866522712628,0.26095555494344735,0.15312269599637815,0.999559720655172,76.0,0.49988991804575594,25.25381361380527,,-0.31431055767688776,-52.5,"[[""|g,1,1>"", 0.6852491629782842], [""|g,2,0>"", 0.14804771373785186], [""|f,1,0>"", 0.11290784120559541], [""|f,0,1>"", 0.05338866522712628], [""|g,0,2>"", 0.00040661685114213886]]","[[""|g,2,0>"", 0.5264914196942465], [""|f,1,0>"", 0.15416253570823207], [""|g,1,1>"", 0.15312269599637815], [""|f,0,1>"", 0.1055307738012585], [""|g,0,2>"", 0.06069257479988475]]","|g,0,2>","|f,0,1>","|g,1,1>"
2,detuned_raman_like,14.0,4.0,6.798434192441636,3.4431444363628407,-261.3505365244608,-261.3505365244608,1.4142135623730951,1.0,9.899494936611665,14.0,120.00000000000001,0.6708354363978226,23.500000000000004,0.5027916499243145,0.04811979404649236,0.25531259265382145,0.354026758493127,0.9751634073011953,25.000000000000004,0.4949223854404947,25.25381361380527,5.1020408163265305,-0.3043279709033727,-1.5,"[[""|g,1,1>"", 0.6708354363978226], [""|g,2,0>"", 0.1455042762670193], [""|f,1,0>"", 0.1098083163868023], [""|f,0,1>"", 0.04811979404649236], [""|g,0,2>"", 0.025732176901863538]]","[[""|g,0,2>"", 0.46671930132695966], [""|g,1,1>"", 0.354026758493127], [""|f,1,0>"", 0.08758085238641991], [""|g,2,0>"", 0.07560310263286724], [""|f,0,1>"", 0.016069985160626334]]","|g,0,2>","|f,0,1>","|g,1,1>"
2,detuned_raman_like,14.0,8.0,6.798434192441636,3.4431444363628407,-261.3505365244608,-261.3505365244608,1.4142135623730951,1.0,9.899494936611665,14.0,120.00000000000001,0.679017082588012,119.5,0.487839072613247,0.06307278124235692,0.24969735033648655,0.6775559493535466,0.9058952622519262,25.000000000000004,0.4803012370963477,25.25381361380527,10.204081632653061,-0.22687817966391421,94.5,"[[""|g,1,1>"", 0.679017082588012], [""|g,2,0>"", 0.14047107559415645], [""|f,1,0>"", 0.10922627474232979], [""|f,0,1>"", 0.06307278124235692], [""|g,0,2>"", 0.008212785833144508]]","[[""|g,1,1>"", 0.6775559493535466], [""|g,2,0>"", 0.1309990337575221], [""|f,1,0>"", 0.10759100228083279], [""|f,0,1>"", 0.0756001653396797], [""|g,0,2>"", 0.008253849268418736]]","|g,0,2>","|f,0,1>","|g,1,1>"
2,detuned_raman_like,14.0,12.0,6.798434192441636,3.4431444363628407,-261.3505365244608,-261.3505365244608,1.4142135623730951,1.0,9.899494936611665,14.0,120.00000000000001,0.5699228826442471,22.500000000000004,0.4638977258363068,0.04342843346184654,0.19085034241355447,0.39009707357014717,0.9378708209590477,96.50000000000001,0.45789567286782973,25.25381361380527,15.306122448979592,-0.36794793831480066,-74.00000000000001,"[[""|g,1,1>"", 0.5699228826442471], [""|g,0,2>"", 0.19579834148035197], [""|g,2,0>"", 0.10288433739929254], [""|f,1,0>"", 0.08796600501426202], [""|f,0,1>"", 0.04342843346184654]]","[[""|g,1,1>"", 0.39009707357014717], [""|f,0,1>"", 0.20858073472171249], [""|g,0,2>"", 0.15544364348919776], [""|g,2,0>"", 0.13480090668820388], [""|f,1,0>"", 0.11107764153073862]]","|g,0,2>","|f,0,1>","|g,1,1>"
2,detuned_raman_like,14.0,16.0,6.798434192441636,3.4431444363628407,-261.3505365244608,-261.3505365244608,1.4142135623730951,1.0,9.899494936611665,14.0,120.00000000000001,0.4989288679206419,22.000000000000004,0.43489014371342266,0.032079781097684626,0.15683335670620696,0.10685746645391461,0.9607932369428187,117.0,0.4298141887885594,25.25381361380527,20.408163265306122,-0.4618643690221768,-95.0,"[[""|g,1,1>"", 0.4989288679206419], [""|g,0,2>"", 0.31215799427546653], [""|g,2,0>"", 0.08291038260241063], [""|f,1,0>"", 0.07392297410379604], [""|f,0,1>"", 0.032079781097684626]]","[[""|f,0,1>"", 0.31351173987178854], [""|g,2,0>"", 0.27505613959189196], [""|g,0,2>"", 0.2440195582194195], [""|g,1,1>"", 0.10685746645391461], [""|f,1,0>"", 0.06055509586298547]]","|g,0,2>","|f,0,1>","|g,1,1>"
2,detuned_raman_like,14.0,20.0,6.798434192441636,3.4431444363628407,-261.3505365244608,-261.3505365244608,1.4142135623730951,1.0,9.899494936611665,14.0,120.00000000000001,0.528401206393892,42.00000000000001,0.4023838902690395,0.09135959649547284,0.37203462037543256,0.10487624752786456,0.9762795386434429,45.00000000000001,0.3983440809171539,25.25381361380527,25.510204081632654,-0.44787833224955087,-3.0,"[[""|g,1,1>"", 0.528401206393892], [""|f,1,0>"", 0.1900542243473221], [""|g,2,0>"", 0.18198039602811072], [""|f,0,1>"", 0.09135959649547284], [""|g,0,2>"", 0.008204576735202555]]","[[""|g,0,2>"", 0.3917009100574517], [""|g,2,0>"", 0.2905532180913524], [""|f,0,1>"", 0.2121070102212751], [""|g,1,1>"", 0.10487624752786456], [""|f,1,0>"", 0.0007626141020563995]]","|g,0,2>","|f,0,1>","|g,1,1>"
3,resonant_bright_state,4.0,0.0,6.792753350441636,3.437463594362842,-267.03137852446076,-267.03137852446076,1.7320508075688772,1.0,2.309401076758503,4.0,141.0,0.608295584727537,79.5,0.5114591158996384,0.09657584840537004,0.29501127888961964,0.07079094175323983,0.9999921256621533,88.5,0.4999956985744398,88.38834764831844,,-0.39169654093461637,-9.0,"[[""|g,1,2>"", 0.608295584727537], [""|g,2,1>"", 0.1454971150616399], [""|f,1,1>"", 0.1404311307345778], [""|f,0,2>"", 0.09657584840537004], [""|f,2,0>"", 0.005942502416527143], [""|g,3,0>"", 0.0031405306768744674]]","[[""|g,2,1>"", 0.3698898673373228], [""|f,0,2>"", 0.23406251327122446], [""|g,3,0>"", 0.14399836247018896], [""|g,0,3>"", 0.09634857414942614], [""|f,1,1>"", 0.08285644065603155], [""|g,1,2>"", 0.07079094175323983]]","|g,0,3>","|f,0,2>","|g,1,2>"
3,detuned_raman_like,4.0,4.0,6.792753350441636,3.437463594362842,-267.03137852446076,-267.03137852446076,1.7320508075688772,1.0,2.309401076758503,4.0,120.00000000000001,0.4834822775227979,76.0,0.45230413081915655,0.06419387082117017,0.20159797817995967,0.27647536543077805,0.7499868512703931,83.5,0.44442689871195934,88.38834764831844,62.5,-0.26650457374759523,-7.5,"[[""|g,1,2>"", 0.4834822775227979], [""|g,0,3>"", 0.2507258734760722], [""|f,1,1>"", 0.1002518490708433], [""|g,2,1>"", 0.09590066828411799], [""|f,0,2>"", 0.06419387082117017], [""|f,2,0>"", 0.0036828490062769605]]","[[""|g,2,1>"", 0.29712236336862874], [""|g,1,2>"", 0.27647536543077805], [""|f,0,2>"", 0.22468841918033916], [""|g,0,3>"", 0.13802471714545603], [""|g,3,0>"", 0.05086778452415614], [""|f,2,0>"", 0.00936003712163473]]","|g,0,3>","|f,0,2>","|g,1,2>"
3,detuned_raman_like,4.0,8.0,6.792753350441636,3.437463594362842,-267.03137852446076,-267.03137852446076,1.7320508075688772,1.0,2.309401076758503,4.0,168.5,0.5163549703448151,133.5,0.3364377758346439,0.08268335146505423,0.28694948829448497,0.3242598847401188,0.9420870403503151,144.5,0.33332883472155034,88.38834764831844,125.0,-0.42573207000549995,-11.0,"[[""|g,1,2>"", 0.5163549703448151], [""|g,2,1>"", 0.14124434982666756], [""|f,1,1>"", 0.1291481488003977], [""|g,0,3>"", 0.11401218989564568], [""|f,0,2>"", 0.08268335146505423], [""|g,3,0>"", 0.012286987630840416]]","[[""|g,2,1>"", 0.4166532308054542], [""|g,1,2>"", 0.3242598847401188], [""|g,0,3>"", 0.09471607898939415], [""|f,0,2>"", 0.06724373640239213], [""|g,3,0>"", 0.06665282108481371], [""|f,2,0>"", 0.02442021079361996]]","|g,0,3>","|f,0,2>","|g,1,2>"
3,detuned_raman_like,4.0,12.0,6.792753350441636,3.437463594362842,-267.03137852446076,-267.03137852446076,1.7320508075688772,1.0,2.309401076758503,4.0,253.0,0.4903409292109837,171.0,0.23624209861150025,0.06244903991528617,0.2878158030428404,0.2814173487954946,0.9803329709825672,242.5,0.23529259233082764,88.38834764831844,187.5,-0.4899920417715835,-71.5,"[[""|g,1,2>"", 0.4903409292109837], [""|g,2,1>"", 0.1689526838827754], [""|g,0,3>"", 0.15939422783088975], [""|f,1,1>"", 0.0940279447706591], [""|f,0,2>"", 0.06244903991528617], [""|g,3,0>"", 0.022327250639490447]]","[[""|g,2,1>"", 0.484984811070481], [""|g,1,2>"", 0.2814173487954946], [""|g,3,0>"", 0.11778573283337163], [""|f,1,1>"", 0.05079461609063143], [""|f,2,0>"", 0.046033338335724934], [""|g,0,3>"", 0.018592401602885073]]","|g,0,3>","|f,0,2>","|g,1,2>"
3,detuned_raman_like,4.0,16.0,6.792753350441636,3.437463594362842,-267.03137852446076,-267.03137852446076,1.7320508075688772,1.0,2.309401076758503,4.0,337.5,0.474682639987588,195.0,0.16689881021432523,0.0413108064046503,0.24102176268571718,0.22444094910425566,0.9832919656468365,255.0,0.16666651455598877,88.38834764831844,250.0,-0.5086093256592485,-60.0,"[[""|g,1,2>"", 0.474682639987588], [""|g,0,3>"", 0.24298479092204447], [""|g,2,1>"", 0.15731637545288393], [""|f,1,1>"", 0.06321888816083071], [""|f,0,2>"", 0.0413108064046503], [""|g,3,0>"", 0.019069770767159693]]","[[""|g,2,1>"", 0.4403065133206443], [""|g,3,0>"", 0.23460440862698864], [""|g,1,2>"", 0.22444094910425566], [""|f,1,1>"", 0.03914866965405606], [""|f,0,2>"", 0.030975588770984195], [""|g,0,3>"", 0.02917538127997568]]","|g,0,3>","|f,0,2>","|g,1,2>"
3,detuned_raman_like,4.0,20.0,6.792753350441636,3.437463594362842,-267.03137852446076,-267.03137852446076,1.7320508075688772,1.0,2.309401076758503,4.0,421.5,0.46559784907350527,252.00000000000003,0.12120755925731179,0.0333820522785545,0.290504842082324,0.2003731517820029,0.9966300767830545,348.00000000000006,0.12120940572031763,88.38834764831844,312.5,-0.5310322277095492,-96.00000000000003,"[[""|g,1,2>"", 0.46559784907350527], [""|g,0,3>"", 0.2105152565656162], [""|g,2,1>"", 0.20708383605359487], [""|f,1,1>"", 0.04908918551909935], [""|f,0,2>"", 0.0333820522785545], [""|g,3,0>"", 0.033069034153620655]]","[[""|g,2,1>"", 0.434361183350386], [""|g,3,0>"", 0.26457464161434985], [""|g,1,2>"", 0.2003731517820029], [""|f,1,1>"", 0.04303186523573589], [""|g,0,3>"", 0.025867319182508255], [""|f,0,2>"", 0.02152516640449186]]","|g,0,3>","|f,0,2>","|g,1,2>"
3,resonant_bright_state,6.0,0.0,6.792753350441636,3.437463594362842,-267.03137852446076,-267.03137852446076,1.7320508075688772,1.0,3.464101615137755,6.0,94.00000000000001,0.608133406559958,53.00000000000001,0.5114617918814923,0.09657270559647273,0.29517643843625363,0.07067238718780788,0.9999921256621527,59.00000000000001,0.4999980314116625,58.925565098878955,,-0.3918587191021947,-6.0,"[[""|g,1,2>"", 0.608133406559958], [""|g,2,1>"", 0.14555790704229415], [""|f,1,1>"", 0.14052356148074688], [""|f,0,2>"", 0.09657270559647273], [""|f,2,0>"", 0.005950859295695247], [""|g,3,0>"", 0.003144110617517405]]","[[""|g,2,1>"", 0.3700513198465098], [""|f,0,2>"", 0.23379380001557265], [""|g,3,0>"", 0.1444171759448546], [""|g,0,3>"", 0.09615738364079313], [""|f,1,1>"", 0.08284217723457733], [""|g,1,2>"", 0.07067238718780788]]","|g,0,3>","|f,0,2>","|g,1,2>"
3,detuned_raman_like,6.0,4.0,6.792753350441636,3.437463594362842,-267.03137852446076,-267.03137852446076,1.7320508075688772,1.0,3.464101615137755,6.0,120.00000000000001,0.5473924495783085,52.0,0.4832468957539414,0.07886098449118999,0.24906779562393566,0.1596396482874032,0.8756352907478213,57.50000000000001,0.4736828535119519,58.925565098878955,27.77777777777778,-0.32824284116951286,-5.500000000000007,"[[""|g,1,2>"", 0.5473924495783085], [""|g,0,3>"", 0.1246787703065659], [""|g,2,1>"", 0.12120118977345903], [""|f,1,1>"", 0.12058798774383812], [""|f,0,2>"", 0.07886098449118999], [""|f,2,0>"", 0.004828769380243539]]","[[""|g,0,3>"", 0.2441425947819921], [""|f,1,1>"", 0.22801801907562202], [""|g,2,1>"", 0.22305572707308702], [""|g,1,2>"", 0.1596396482874032], [""|f,2,0>"", 0.09177845626271736], [""|g,3,0>"", 0.03529744687993964]]","|g,0,3>","|f,0,2>","|g,1,2>"
3,detuned_raman_like,6.0,8.0,6.792753350441636,3.437463594362842,-267.03137852446076,-267.03137852446076,1.7320508075688772,1.0,3.464101615137755,6.0,120.00000000000001,0.4347797228487402,96.50000000000001,0.4151281376271839,0.1327368006125082,0.41132992409671476,0.2333772074159369,0.9474712059606536,106.50000000000001,0.4090873941196228,58.925565098878955,55.55555555555556,-0.5126914831119134,-10.0,"[[""|g,1,2>"", 0.4347797228487402], [""|f,1,1>"", 0.18927379210725495], [""|g,2,1>"", 0.1750800657178187], [""|f,0,2>"", 0.1327368006125082], [""|g,3,0>"", 0.0400232072468881], [""|g,0,3>"", 0.021153552442036715]]","[[""|g,2,1>"", 0.539352775382538], [""|g,1,2>"", 0.2333772074159369], [""|g,3,0>"", 0.0926373084165186], [""|f,2,0>"", 0.06099296109095444], [""|f,1,1>"", 0.05910368479976604], [""|f,0,2>"", 0.010137154413517082]]","|g,0,3>","|f,0,2>","|g,1,2>"
3,detuned_raman_like,6.0,12.0,6.792753350441636,3.437463594362842,-267.03137852446076,-267.03137852446076,1.7320508075688772,1.0,3.464101615137755,6.0,120.00000000000001,0.5160556236093772,89.0,0.336387568673506,0.08202300204388485,0.2872376055963377,0.2982894610015608,0.9420348283529572,96.00000000000001,0.33332883472155006,58.925565098878955,83.33333333333334,-0.42597920474358,-7.000000000000014,"[[""|g,1,2>"", 0.5160556236093772], [""|g,2,1>"", 0.1404796834818124], [""|f,1,1>"", 0.12984877646902565], [""|g,0,3>"", 0.11468376875040033], [""|f,0,2>"", 0.08202300204388485], [""|g,3,0>"", 0.01281388457817174]]","[[""|g,2,1>"", 0.39065680103226563], [""|g,1,2>"", 0.2982894610015608], [""|f,0,2>"", 0.11344942186049535], [""|g,3,0>"", 0.10572268168605044], [""|g,0,3>"", 0.06722439823741926], [""|f,1,1>"", 0.013544975960133446]]","|g,0,3>","|f,0,2>","|g,1,2>"
3,detuned_raman_like,6.0,16.0,6.792753350441636,3.437463594362842,-267.03137852446076,-267.03137852446076,1.7320508075688772,1.0,3.464101615137755,6.0,150.00000000000003,0.469556947901002,120.00000000000001,0.26614354977570304,0.0762779813209723,0.3720181068059203,0.2828725784295746,0.9917057761390146,128.50000000000003,0.2647005484923799,58.925565098878955,111.11111111111111,-0.5221488282380126,-8.500000000000014,"[[""|g,1,2>"", 0.469556947901002], [""|g,2,1>"", 0.2121275181787167], [""|f,1,1>"", 0.11491400083422142], [""|g,0,3>"", 0.08214696397210544], [""|f,0,2>"", 0.0762779813209723], [""|g,3,0>"", 0.041805356492828454]]","[[""|g,2,1>"", 0.43358285810648994], [""|g,1,2>"", 0.2828725784295746], [""|g,3,0>"", 0.14561134129910475], [""|f,0,2>"", 0.0654545304463578], [""|g,0,3>"", 0.049502699535030115], [""|f,1,1>"", 0.013005917957384809]]","|g,0,3>","|f,0,2>","|g,1,2>"
3,detuned_raman_like,6.0,20.0,6.792753350441636,3.437463594362842,-267.03137852446076,-267.03137852446076,1.7320508075688772,1.0,3.464101615137755,6.0,187.5,0.4767196721690463,108.0,0.2099063656602016,0.050406485626142236,0.2148797590003778,0.27694849537870764,0.9938511915666054,152.50000000000003,0.20929705602921586,58.925565098878955,138.8888888888889,-0.5171315193975591,-44.50000000000003,"[[""|g,1,2>"", 0.4767196721690463], [""|g,0,3>"", 0.2579940832044336], [""|g,2,1>"", 0.12662512416440874], [""|f,1,1>"", 0.07404639450160999], [""|f,0,2>"", 0.050406485626142236], [""|g,3,0>"", 0.012901552322068405]]","[[""|g,2,1>"", 0.39296824921516194], [""|g,1,2>"", 0.27694849537870764], [""|g,3,0>"", 0.13740917738266906], [""|f,1,1>"", 0.11479598211271941], [""|f,2,0>"", 0.033335034949088654], [""|f,0,2>"", 0.0256609489148695]]","|g,0,3>","|f,0,2>","|g,1,2>"
3,resonant_bright_state,8.0,0.0,6.792753350441636,3.437463594362842,-267.03137852446076,-267.03137852446076,1.7320508075688772,1.0,4.618802153517006,8.0,80.0,0.6080690042598071,40.0,0.5114558094268,0.09046900243895173,0.30124678777375313,0.04620898993596897,0.9999047414776887,44.00000000000001,0.4999761848022583,44.19417382415922,,-0.39183573721788156,-4.000000000000007,"[[""|g,1,2>"", 0.6080690042598071], [""|g,2,1>"", 0.15028406971564504], [""|f,1,1>"", 0.14142819726361744], [""|f,0,2>"", 0.09046900243895173], [""|f,2,0>"", 0.0061957237663450735], [""|g,3,0>"", 0.003338797028145659]]","[[""|f,1,1>"", 0.27127859924655695], [""|g,0,3>"", 0.27099099995681575], [""|f,0,2>"", 0.15572147317990226], [""|g,3,0>"", 0.12211973576767757], [""|g,2,1>"", 0.11691585825388844], [""|g,1,2>"", 0.04620898993596897]]","|g,0,3>","|f,0,2>","|g,1,2>"
3,detuned_raman_like,8.0,4.0,6.792753350441636,3.437463594362842,-267.03137852446076,-267.03137852446076,1.7320508075688772,1.0,4.618802153517006,8.0,120.00000000000001,0.5727335945848495,39.5,0.49511691360957477,0.08193379078906943,0.27189071034651247,0.18826058687137473,0.9270744120565977,43.50000000000001,0.4847459412799671,44.19417382415922,15.625,-0.35434081747174817,-4.000000000000007,"[[""|g,1,2>"", 0.5727335945848495], [""|g,2,1>"", 0.13421370559102402], [""|f,1,1>"", 0.12938627345157364], [""|f,0,2>"", 0.08193379078906943], [""|g,0,3>"", 0.07344190427956868], [""|f,2,0>"", 0.005441144037657972]]","[[""|g,0,3>"", 0.25130176971867857], [""|g,3,0>"", 0.20008058468781184], [""|g,1,2>"", 0.18826058687137473], [""|f,1,1>"", 0.17162923425450816], [""|g,2,1>"", 0.09746369179681894], [""|f,0,2>"", 0.05306758751746057]]","|g,0,3>","|f,0,2>","|g,1,2>"
3,detuned_raman_like,8.0,8.0,6.792753350441636,3.437463594362842,-267.03137852446076,-267.03137852446076,1.7320508075688772,1.0,4.618802153517006,8.0,120.00000000000001,0.4818349073938864,38.0,0.45220679881307296,0.06421928790494973,0.20347289469363655,0.1263979947592454,0.7499472794000486,83.5,0.44444444444444453,44.19417382415922,31.25,-0.26811237200616217,-45.5,"[[""|g,1,2>"", 0.4818349073938864], [""|g,0,3>"", 0.2504729100075273], [""|f,1,1>"", 0.10136954977355551], [""|g,2,1>"", 0.09658310277618219], [""|f,0,2>"", 0.06421928790494973], [""|f,2,0>"", 0.0037368728460536026]]","[[""|f,1,1>"", 0.25026773411306674], [""|g,0,3>"", 0.1727431551100385], [""|g,3,0>"", 0.16412449028366044], [""|g,1,2>"", 0.1263979947592454], [""|g,2,1>"", 0.12616420987411633], [""|f,2,0>"", 0.08916702944118193]]","|g,0,3>","|f,0,2>","|g,1,2>"
3,detuned_raman_like,8.0,12.0,6.792753350441636,3.437463594362842,-267.03137852446076,-267.03137852446076,1.7320508075688772,1.0,4.618802153517006,8.0,120.00000000000001,0.474679172601259,71.0,0.3953080859967114,0.12088372079517139,0.3814027774226294,0.14368304422459752,0.9902330747210202,78.00000000000001,0.3902427104607191,44.19417382415922,46.875,-0.5155539021197612,-7.000000000000014,"[[""|g,1,2>"", 0.474679172601259], [""|f,1,1>"", 0.17463466321683882], [""|g,2,1>"", 0.1694211108803941], [""|f,0,2>"", 0.12088372079517139], [""|g,3,0>"", 0.031367185122963444], [""|g,0,3>"", 0.023034329180940182]]","[[""|g,2,1>"", 0.2572523327027786], [""|f,1,1>"", 0.19651650510874275], [""|g,0,3>"", 0.1454004688648658], [""|g,1,2>"", 0.14368304422459752], [""|f,2,0>"", 0.12143404921575447], [""|g,3,0>"", 0.10360765526767574]]","|g,0,3>","|f,0,2>","|g,1,2>"
3,detuned_raman_like,8.0,16.0,6.792753350441636,3.437463594362842,-267.03137852446076,-267.03137852446076,1.7320508075688772,1.0,4.618802153517006,8.0,120.00000000000001,0.5160011539410486,66.5,0.33633022294209564,0.08613954038547417,0.28209968530421137,0.15825063313293386,0.9420348283529578,72.00000000000001,0.33332883472155034,44.19417382415922,62.5,-0.4260336744119092,-5.500000000000014,"[[""|g,1,2>"", 0.5160011539410486], [""|g,2,1>"", 0.13663429944617045], [""|f,1,1>"", 0.12863785545978051], [""|g,0,3>"", 0.11575962036926589], [""|f,0,2>"", 0.08613954038547417], [""|g,3,0>"", 0.013173234919828187]]","[[""|g,2,1>"", 0.5423315138216118], [""|g,3,0>"", 0.19943622394633595], [""|g,1,2>"", 0.15825063313293386], [""|f,2,0>"", 0.05985635232027813], [""|f,1,1>"", 0.018918570939677335], [""|g,0,3>"", 0.016783416348196682]]","|g,0,3>","|f,0,2>","|g,1,2>"
3,detuned_raman_like,8.0,20.0,6.792753350441636,3.437463594362842,-267.03137852446076,-267.03137852446076,1.7320508075688772,1.0,4.618802153517006,8.0,120.00000000000001,0.4705495125594404,61.5,0.28239571004336267,0.061436544465391436,0.18471303550113688,0.2291981152570977,0.9995053283828594,99.50000000000001,0.28069364470465324,44.19417382415922,78.125,-0.5289558158234191,-38.000000000000014,"[[""|g,1,2>"", 0.4705495125594404], [""|g,0,3>"", 0.28330090747403125], [""|g,2,1>"", 0.09090567013652119], [""|f,1,1>"", 0.08687634780157612], [""|f,0,2>"", 0.061436544465391436], [""|g,3,0>"", 0.005173846572479556]]","[[""|g,2,1>"", 0.4136785702448302], [""|g,1,2>"", 0.2291981152570977], [""|g,3,0>"", 0.20170617873749433], [""|f,0,2>"", 0.06539814086455012], [""|f,1,1>"", 0.06058370590022381], [""|g,0,3>"", 0.0292235712885617]]","|g,0,3>","|f,0,2>","|g,1,2>"
3,resonant_bright_state,10.0,0.0,6.792753350441636,3.437463594362842,-267.03137852446076,-267.03137852446076,1.7320508075688772,1.0,5.773502691896258,10.0,80.0,0.6080388657349403,32.0,0.5114602530941714,0.09045378040764714,0.3012915903538157,0.17049756909680647,0.9999173871972258,35.5,0.49999569857444026,35.35533905932738,,-0.3918785214622855,-3.5,"[[""|g,1,2>"", 0.6080388657349403], [""|g,2,1>"", 0.15030694654412205], [""|f,1,1>"", 0.14144685720202943], [""|f,0,2>"", 0.09045378040764714], [""|f,2,0>"", 0.006197838533082622], [""|g,3,0>"", 0.003339948074581541]]","[[""|g,0,3>"", 0.5393530181198181], [""|g,1,2>"", 0.17049756909680647], [""|f,2,0>"", 0.12035904073566703], [""|f,1,1>"", 0.10427042490681027], [""|g,2,1>"", 0.04293322388120201], [""|g,3,0>"", 0.02139967245080873]]","|g,0,3>","|f,0,2>","|g,1,2>"
3,detuned_raman_like,10.0,4.0,6.792753350441636,3.437463594362842,-267.03137852446076,-267.03137852446076,1.7320508075688772,1.0,5.773502691896258,10.0,120.00000000000001,0.5850577490000373,31.500000000000004,0.5008961611928441,0.09208223197124622,0.27529890272433355,0.18449258960522633,0.9523946077621376,35.0,0.49019603004128187,35.35533905932738,9.999999999999998,-0.3673368587621003,-3.4999999999999964,"[[""|g,1,2>"", 0.5850577490000373], [""|g,2,1>"", 0.13447111979126916], [""|f,1,1>"", 0.13259100415173208], [""|f,0,2>"", 0.09208223197124622], [""|g,0,3>"", 0.04756111630438293], [""|f,2,0>"", 0.00543147888470611]]","[[""|g,3,0>"", 0.2583866562488629], [""|g,0,3>"", 0.25085648567076413], [""|g,1,2>"", 0.18449258960522633], [""|g,2,1>"", 0.16778701741005989], [""|f,0,2>"", 0.06203624210279179], [""|f,1,1>"", 0.04458966528613421]]","|g,0,3>","|f,0,2>","|g,1,2>"
3,detuned_raman_like,10.0,8.0,6.792753350441636,3.437463594362842,-267.03137852446076,-267.03137852446076,1.7320508075688772,1.0,5.773502691896258,10.0,120.00000000000001,0.5222610345094649,31.0,0.4718104256648367,0.0707900568333248,0.23431238150344924,0.22325920887604628,0.8280953214227599,34.0,0.4629625404333022,35.35533905932738,19.999999999999996,-0.30583428691329495,-3.0,"[[""|g,1,2>"", 0.5222610345094649], [""|g,0,3>"", 0.17263652715376102], [""|f,1,1>"", 0.11396236138888587], [""|g,2,1>"", 0.11358861929054863], [""|f,0,2>"", 0.0707900568333248], [""|f,2,0>"", 0.004506246969828814]]","[[""|g,0,3>"", 0.5045885543071508], [""|g,3,0>"", 0.22678485989202918], [""|g,1,2>"", 0.22325920887604628], [""|g,2,1>"", 0.024967789831131872], [""|f,0,2>"", 0.01766045850694241], [""|f,2,0>"", 0.0015187612883457815]]","|g,0,3>","|f,0,2>","|g,1,2>"
3,detuned_raman_like,10.0,12.0,6.792753350441636,3.437463594362842,-267.03137852446076,-267.03137852446076,1.7320508075688772,1.0,5.773502691896258,10.0,120.00000000000001,0.43779012887506585,29.500000000000004,0.430468738593215,0.06293651382639844,0.16982043227578014,0.1956355221185915,0.8863578809819612,65.0,0.42370049008437644,35.35533905932738,29.999999999999996,-0.44856775210689537,-35.5,"[[""|g,1,2>"", 0.43779012887506585], [""|g,0,3>"", 0.32945292502275564], [""|f,1,1>"", 0.08828229187575547], [""|g,2,1>"", 0.07738008800169609], [""|f,0,2>"", 0.06293651382639844], [""|f,2,0>"", 0.0028850699212197815]]","[[""|g,0,3>"", 0.3341535704307224], [""|g,3,0>"", 0.25276986970460585], [""|g,1,2>"", 0.1956355221185915], [""|g,2,1>"", 0.1321575611405079], [""|f,1,1>"", 0.05155511105528775], [""|f,2,0>"", 0.03008339853471859]]","|g,0,3>","|f,0,2>","|g,1,2>"
3,detuned_raman_like,10.0,16.0,6.792753350441636,3.437463594362842,-267.03137852446076,-267.03137852446076,1.7320508075688772,1.0,5.773502691896258,10.0,120.00000000000001,0.4920937752064634,56.00000000000001,0.3834729403695521,0.11601606633977708,0.3592152883328646,0.17966681688974734,0.9994166681099966,61.5,0.3787697217700622,35.35533905932738,39.99999999999999,-0.5073228929035332,-5.499999999999993,"[[""|g,1,2>"", 0.4920937752064634], [""|f,1,1>"", 0.16429113634401646], [""|g,2,1>"", 0.16272612138175357], [""|f,0,2>"", 0.11601606633977708], [""|g,0,3>"", 0.03267487012089483], [""|g,3,0>"", 0.027064093786948386]]","[[""|g,1,2>"", 0.17966681688974734], [""|f,1,1>"", 0.17719473251077478], [""|g,3,0>"", 0.17160878889726097], [""|g,2,1>"", 0.15820916899248952], [""|g,0,3>"", 0.1477806831474487], [""|f,2,0>"", 0.12334079543171483]]","|g,0,3>","|f,0,2>","|g,1,2>"
3,detuned_raman_like,10.0,20.0,6.792753350441636,3.437463594362842,-267.03137852446076,-267.03137852446076,1.7320508075688772,1.0,5.773502691896258,10.0,120.00000000000001,0.5158545861283641,53.00000000000001,0.3364300693618586,0.09043762782855859,0.2769423505278321,0.15906119258886983,0.9418968195239075,57.50000000000001,0.3333281321575764,35.35533905932738,50.0,-0.42604223339554337,-4.5,"[[""|g,1,2>"", 0.5158545861283641], [""|g,2,1>"", 0.13307716058546357], [""|f,1,1>"", 0.12716118281094915], [""|g,0,3>"", 0.11676543551524522], [""|f,0,2>"", 0.09043762782855859], [""|g,3,0>"", 0.013435454932740797]]","[[""|g,2,1>"", 0.2546464993630654], [""|g,3,0>"", 0.17177306964719843], [""|g,1,2>"", 0.15906119258886983], [""|g,0,3>"", 0.13819840454911642], [""|f,2,0>"", 0.1271346679545078], [""|f,1,1>"", 0.12143354550503774]]","|g,0,3>","|f,0,2>","|g,1,2>"
3,resonant_bright_state,12.0,0.0,6.792753350441636,3.437463594362842,-267.03137852446076,-267.03137852446076,1.7320508075688772,1.0,6.92820323027551,12.0,80.0,0.6080394776704299,26.500000000000004,0.5114628980667,0.09652164980567214,0.2953207757986803,0.23686792329519718,0.9999921256621527,29.500000000000004,0.4998599640338528,29.462782549439478,,-0.3919526479917228,-3.0,"[[""|g,1,2>"", 0.6080394776704299], [""|g,2,1>"", 0.1456304591852481], [""|f,1,1>"", 0.1405848831892332], [""|f,0,2>"", 0.09652164980567214], [""|f,2,0>"", 0.005957705318501416], [""|g,3,0>"", 0.003147728105697794]]","[[""|g,0,3>"", 0.4073294649586689], [""|g,1,2>"", 0.23686792329519718], [""|g,3,0>"", 0.16422964025015724], [""|f,1,1>"", 0.12693110400253893], [""|f,0,2>"", 0.038105965785601145], [""|f,2,0>"", 0.01984718236446492]]","|g,0,3>","|f,0,2>","|g,1,2>"
3,detuned_raman_like,12.0,4.0,6.792753350441636,3.437463594362842,-267.03137852446076,-267.03137852446076,1.7320508075688772,1.0,6.92820323027551,12.0,120.00000000000001,0.591940629366156,26.500000000000004,0.5041003449161289,0.08708588240128846,0.28722312866516286,0.20116672971752936,0.9662634991368868,29.500000000000004,0.49310566011298534,29.462782549439478,6.944444444444445,-0.3743228697707308,-3.0,"[[""|g,1,2>"", 0.591940629366156], [""|g,2,1>"", 0.14245598317975625], [""|f,1,1>"", 0.13584691928342946], [""|f,0,2>"", 0.08708588240128846], [""|g,0,3>"", 0.03375035956739265], [""|f,2,0>"", 0.005826322262646389]]","[[""|g,0,3>"", 0.22039601070343975], [""|g,1,2>"", 0.20116672971752936], [""|f,1,1>"", 0.19909059751234714], [""|f,2,0>"", 0.14351002448332376], [""|g,2,1>"", 0.11664231605729489], [""|f,0,2>"", 0.07858940894781885]]","|g,0,3>","|f,0,2>","|g,1,2>"
3,detuned_raman_like,12.0,8.0,6.792753350441636,3.437463594362842,-267.03137852446076,-267.03137852446076,1.7320508075688772,1.0,6.92820323027551,12.0,120.00000000000001,0.5464602641402481,26.0,0.48323059211015573,0.0788253898766158,0.2501805838963098,0.06672070960587455,0.9831241680112404,114.50000000000001,0.4736828535119519,29.462782549439478,13.88888888888889,-0.4366639038709923,-88.50000000000001,"[[""|g,1,2>"", 0.5464602641402481], [""|g,0,3>"", 0.12453376208682629], [""|g,2,1>"", 0.12163703517275512], [""|f,1,1>"", 0.12121547563898159], [""|f,0,2>"", 0.0788253898766158], [""|f,2,0>"", 0.004863437717863927]]","[[""|g,0,3>"", 0.3316273365393725], [""|f,1,1>"", 0.2024977597481809], [""|f,0,2>"", 0.12177290222573592], [""|g,3,0>"", 0.11874186475350679], [""|f,2,0>"", 0.10901677741553129], [""|g,1,2>"", 0.06672070960587455]]","|g,0,3>","|f,0,2>","|g,1,2>"
3,detuned_raman_like,12.0,12.0,6.792753350441636,3.437463594362842,-267.03137852446076,-267.03137852446076,1.7320508075688772,1.0,6.92820323027551,12.0,120.00000000000001,0.481133437341698,25.000000000000004,0.4522050925818839,0.07515859035751625,0.1961425245424646,0.1622827839385883,0.7499868512703946,55.5,0.4444268987119598,29.462782549439478,20.833333333333336,-0.26885341392869655,-30.499999999999996,"[[""|g,1,2>"", 0.481133437341698], [""|g,0,3>"", 0.24756544775832118], [""|f,1,1>"", 0.10048662201098085], [""|g,2,1>"", 0.09062582847036618], [""|f,0,2>"", 0.07515859035751625], [""|f,2,0>"", 0.003450713086225192]]","[[""|g,0,3>"", 0.3035631891965586], [""|g,3,0>"", 0.17764596528691523], [""|g,1,2>"", 0.1622827839385883], [""|f,0,2>"", 0.13535335092239492], [""|f,1,1>"", 0.1342894968923578], [""|g,2,1>"", 0.04403020061389594]]","|g,0,3>","|f,0,2>","|g,1,2>"
3,detuned_raman_like,12.0,16.0,6.792753350441636,3.437463594362842,-267.03137852446076,-267.03137852446076,1.7320508075688772,1.0,6.92820323027551,12.0,120.00000000000001,0.4360003056459088,48.50000000000001,0.41511426883278985,0.12521612838442403,0.41957918221924156,0.2235609997904881,0.9472693839503968,53.5,0.4090873941196228,29.462782549439478,27.77777777777778,-0.511269078304488,-4.999999999999993,"[[""|g,1,2>"", 0.4360003056459088], [""|f,1,1>"", 0.19356982000148867], [""|g,2,1>"", 0.17742256703944562], [""|f,0,2>"", 0.12521612838442403], [""|g,3,0>"", 0.040949682748301415], [""|g,0,3>"", 0.019204383750425547]]","[[""|g,0,3>"", 0.4757502376172445], [""|g,1,2>"", 0.2235609997904881], [""|g,3,0>"", 0.2036099219973006], [""|f,0,2>"", 0.06298223439736769], [""|f,1,1>"", 0.01791199017652761], [""|g,2,1>"", 0.015747887040637235]]","|g,0,3>","|f,0,2>","|g,1,2>"
3,detuned_raman_like,12.0,20.0,6.792753350441636,3.437463594362842,-267.03137852446076,-267.03137852446076,1.7320508075688772,1.0,6.92820323027551,12.0,120.00000000000001,0.5010589773019882,46.50000000000001,0.37541056875511225,0.10513721314210442,0.35389829308890763,0.20974398728151597,0.9991115292517477,51.0,0.3711245273730455,29.462782549439478,34.72222222222223,-0.4980525519497595,-4.499999999999993,"[[""|g,1,2>"", 0.5010589773019882], [""|g,2,1>"", 0.16314209189845347], [""|f,1,1>"", 0.16122590968979503], [""|f,0,2>"", 0.10513721314210442], [""|g,0,3>"", 0.039905516466999635], [""|g,3,0>"", 0.024098770758929248]]","[[""|g,0,3>"", 0.37999311158334736], [""|g,1,2>"", 0.20974398728151597], [""|g,3,0>"", 0.18594805876420087], [""|g,2,1>"", 0.12127208221357264], [""|f,2,0>"", 0.06702756954636346], [""|f,1,1>"", 0.035519054661836365]]","|g,0,3>","|f,0,2>","|g,1,2>"
3,resonant_bright_state,14.0,0.0,6.792753350441636,3.437463594362842,-267.03137852446076,-267.03137852446076,1.7320508075688772,1.0,8.082903768654761,14.0,80.0,0.6077808623437936,23.0,0.5114251772405789,0.08450673908764035,0.3073726779206867,0.12079831005026115,0.999559720655172,76.0,0.49988991804575594,25.25381361380527,,-0.3917788583113784,-53.0,"[[""|g,1,2>"", 0.6077808623437936], [""|g,2,1>"", 0.15512046055982692], [""|f,1,1>"", 0.14225950167222623], [""|f,0,2>"", 0.08450673908764035], [""|f,2,0>"", 0.0064481366768819924], [""|g,3,0>"", 0.003544579011751827]]","[[""|f,1,1>"", 0.22720160179217366], [""|f,2,0>"", 0.2076050193215966], [""|g,2,1>"", 0.1509356869534304], [""|g,0,3>"", 0.14617499557515665], [""|g,1,2>"", 0.12079831005026115], [""|f,0,2>"", 0.08879123440218675]]","|g,0,3>","|f,0,2>","|g,1,2>"
3,detuned_raman_like,14.0,4.0,6.792753350441636,3.437463594362842,-267.03137852446076,-267.03137852446076,1.7320508075688772,1.0,8.082903768654761,14.0,120.00000000000001,0.595998227813713,22.500000000000004,0.505851741613804,0.0986714514158653,0.28072083578707063,0.20356875730420765,0.9751634073011953,25.000000000000004,0.4949223854404947,25.25381361380527,5.1020408163265305,-0.3791651794874823,-2.5,"[[""|g,1,2>"", 0.595998227813713], [""|g,2,1>"", 0.136585326066742], [""|f,1,1>"", 0.13577546005908364], [""|f,0,2>"", 0.0986714514158653], [""|g,0,3>"", 0.024609484983350985], [""|f,2,0>"", 0.005518948200038153]]","[[""|g,0,3>"", 0.30953621410000254], [""|g,2,1>"", 0.2663278426032732], [""|g,1,2>"", 0.20356875730420765], [""|f,0,2>"", 0.12222863598010962], [""|f,2,0>"", 0.0627351448362755], [""|g,3,0>"", 0.03543711458347403]]","|g,0,3>","|f,0,2>","|g,1,2>"
3,detuned_raman_like,14.0,8.0,6.792753350441636,3.437463594362842,-267.03137852446076,-267.03137852446076,1.7320508075688772,1.0,8.082903768654761,14.0,120.00000000000001,0.561787606262879,22.500000000000004,0.49033880524122836,0.07893732062568434,0.265035706248132,0.33045316441918,0.9058952622519262,25.000000000000004,0.4803012370963477,25.25381361380527,10.204081632653061,-0.34410765598904713,-2.5,"[[""|g,1,2>"", 0.561787606262879], [""|g,2,1>"", 0.13048187025405625], [""|f,1,1>"", 0.12652787957843395], [""|g,0,3>"", 0.09423936686330457], [""|f,0,2>"", 0.07893732062568434], [""|f,2,0>"", 0.005280803316897563]]","[[""|g,2,1>"", 0.4825277964828433], [""|g,1,2>"", 0.33045316441918], [""|f,2,0>"", 0.07539672832334157], [""|g,3,0>"", 0.05085032084025834], [""|f,0,2>"", 0.04483474101123596], [""|f,1,1>"", 0.01568320209811591]]","|g,0,3>","|f,0,2>","|g,1,2>"
3,detuned_raman_like,14.0,12.0,6.792753350441636,3.437463594362842,-267.03137852446076,-267.03137852446076,1.7320508075688772,1.0,8.082903768654761,14.0,120.00000000000001,0.5107291784310377,22.000000000000004,0.466310756839224,0.06997098290387174,0.2253262232076363,0.21506114764503736,0.9378708209590477,96.50000000000001,0.45789567286782973,25.25381361380527,15.306122448979592,-0.42714164252801,-74.50000000000001,"[[""|g,1,2>"", 0.5107291784310377], [""|g,0,3>"", 0.19397361545745434], [""|f,1,1>"", 0.11064008713475965], [""|g,2,1>"", 0.10831652638504013], [""|f,0,2>"", 0.06997098290387174], [""|f,2,0>"", 0.004269328085851204]]","[[""|g,0,3>"", 0.3018867237383637], [""|g,2,1>"", 0.277646490413316], [""|g,1,2>"", 0.21506114764503736], [""|f,2,0>"", 0.08245579876578882], [""|f,1,1>"", 0.079250137145887], [""|g,3,0>"", 0.04309280209378753]]","|g,0,3>","|f,0,2>","|g,1,2>"
3,detuned_raman_like,14.0,16.0,6.792753350441636,3.437463594362842,-267.03137852446076,-267.03137852446076,1.7320508075688772,1.0,8.082903768654761,14.0,120.00000000000001,0.45001965726229415,21.5,0.4368004025288241,0.05469246361237841,0.1856930273017911,0.04490740750007862,0.9607932369428187,117.0,0.4298141887885594,25.25381361380527,20.408163265306122,-0.5107735796805246,-95.5,"[[""|g,1,2>"", 0.45001965726229415], [""|g,0,3>"", 0.3095948518235363], [""|f,1,1>"", 0.09318122596026186], [""|g,2,1>"", 0.0875791808739608], [""|f,0,2>"", 0.05469246361237841], [""|f,2,0>"", 0.0033617218420276436]]","[[""|g,0,3>"", 0.5333901988878643], [""|f,1,1>"", 0.16003617617820037], [""|g,3,0>"", 0.0900654260896146], [""|f,0,2>"", 0.06813801680662605], [""|f,2,0>"", 0.059255898422160495], [""|g,1,2>"", 0.04490740750007862]]","|g,0,3>","|f,0,2>","|g,1,2>"
3,detuned_raman_like,14.0,20.0,6.792753350441636,3.437463594362842,-267.03137852446076,-267.03137852446076,1.7320508075688772,1.0,8.082903768654761,14.0,120.00000000000001,0.4600955145500497,41.0,0.40386865507734343,0.12241725859363703,0.3981285159434028,0.13260591484280312,0.9762795386434429,45.00000000000001,0.3983440809171539,25.25381361380527,25.510204081632654,-0.5161840240933931,-4.000000000000007,"[[""|g,1,2>"", 0.4600955145500497], [""|f,1,1>"", 0.18277356706807563], [""|g,2,1>"", 0.17295573859238722], [""|f,0,2>"", 0.12241725859363703], [""|g,3,0>"", 0.035885133478986114], [""|g,0,3>"", 0.019358710912910426]]","[[""|g,0,3>"", 0.39429516987346996], [""|f,0,2>"", 0.15403423265229296], [""|g,3,0>"", 0.1539920013605744], [""|g,1,2>"", 0.13260591484280312], [""|f,1,1>"", 0.13182195379038125], [""|g,2,1>"", 0.02290702937464967]]","|g,0,3>","|f,0,2>","|g,1,2>"
