case_id,construction,model_variant,include_chi_prime,target_family,n_active,chi_t_over_2pi,theta_values_rad,phi_values_rad,pulse_duration_ns,active_sqr_duration_ns,total_gate_duration_ns,segment_1_duration_ns,segment_2_duration_ns,duration_asymmetry_eta,pi_pulse_duration_ns,half_waveforms_identical,average_gate_fidelity,restricted_process_fidelity,restricted_fro_error,restricted_unitarity_error,state_transfer_fidelity_mean,state_transfer_fidelity_min,same_block_population_mean,same_block_population_min,other_target_population_mean,other_target_population_max,leakage_outside_target_mean,leakage_outside_target_max,weighted_loss,mean_residual_z_error_rad,max_residual_z_error_rad,mean_transverse_error_rad,max_transverse_error_rad,per_block_average_gate_fidelities,per_block_process_fidelities,per_block_rotation_angle_errors_rad,per_block_rotation_axis_errors_rad,per_block_residual_z_errors_rad,per_block_transverse_errors_rad,state_validation_ground_fidelity,state_validation_plus_fidelity,optimizer_kind,optimizer_success,optimizer_nfev,optimizer_runtime_s,target_operator_rule
chi_only_smooth_x_na2_chiT3p0,direct_multitone,chi_only,False,smooth_x,2,3.0,"[0.9424777960769379, 1.5079644737231006]","[0.0, 0.0]",1056.3380281690138,1056.3380281690138,1056.3380281690138,1056.3380281690138,0.0,0.0,0.0,True,0.7244183492941553,0.6555229366176941,0.6171608106002119,2.1394227740107e-06,0.7012303958935465,0.5312603017503665,0.9999999999999999,0.9999999999999997,0.0,0.0,1.6653345369377348e-16,3.3306690738754696e-16,0.3950812010971854,0.026909381058524397,0.05308737293971074,1.2254684276595478,1.5083259003608838,"[0.8625590965679025, 0.687165882790065]","[0.7938386448518538, 0.5307488241850975]","[0.9416791442890577, 1.4418525601299594]","[1.7382822221095402, 1.5727982108508045]","[0.000731389177338052, 0.05308737293971074]","[0.9426109549582117, 1.5083259003608838]",0.6560184290718272,0.9748012774694417,cqed_sim_targeted_subspace,False,375,0.0,direct ideal-SQR target U = sum_n |n><n| tensor R_x(theta_n)
chi_only_smooth_x_na2_chiT3p0,echoed_symmetric,chi_only,False,smooth_x,2,3.0,"[0.9424777960769379, 1.5079644737231006]","[0.0, 0.0]",1056.3380281690138,1056.3380281690138,1136.3380281690138,528.1690140845069,528.1690140845069,0.0,40.0,True,0.27342437354665944,0.09178046693332434,1.5418074811703053,9.699411342391855e-07,0.4211387067747143,0.03460199852952224,0.9999999999999998,0.9999999999999997,0.0,0.0,2.7755575615628914e-16,3.3306690738754696e-16,0.9821804372016311,0.2618446820364907,0.5235575383963402,1.2273566871926398,1.5070740115896586,"[0.8612005461309525, 0.6584575585277966]","[0.7918008191964289, 0.487686337791695]","[0.9373086893788262, 0.848484249577958]","[3.087470069644043, 1.5317667861611]","[0.0001318256766411257, 0.5235575383963402]","[0.9476393627956211, 1.5070740115896586]",0.03462080742424308,0.2235075765065222,cqed_sim_half_target_seed,False,255,0.0,ideal echoed algebra with identical half targets R_x(theta_n/2) and two finite X_pi refocusing pulses
chi_only_smooth_x_na2_chiT3p0,echoed_independent,chi_only,False,smooth_x,2,3.0,"[0.9424777960769379, 1.5079644737231006]","[0.0, 0.0]",1056.3380281690138,1056.3380281690138,1136.3380281690138,528.1690140845069,528.1690140845069,0.0,40.0,False,0.2734432691933643,0.09180408649170542,1.5417752201355417,4.621228634100401e-06,0.42122206318627053,0.03463869626899634,1.0000000000000002,0.9999999999999997,0.0,0.0,8.326672684688674e-17,3.3306690738754696e-16,0.9821146177831772,0.26172720530356375,0.5227812455717217,1.226898701767639,1.5065663574099601,"[0.8613109908356336, 0.6587022164519355]","[0.7919664862534503, 0.48805332467790336]","[0.9376777630661978, 0.8491247186021834]","[3.0018940943621963, 1.5308844145242841]","[0.0006731650354058331, 0.5227812455717217]","[0.9472310461253177, 1.5065663574099601]",0.034638455155601225,0.2234978609199805,powell_composite_echo,False,70,2.9379310000003898,ideal echoed algebra with independent half corrections and equal durations
chi_only_smooth_x_na2_chiT3p0,echoed_asymmetric,chi_only,False,smooth_x,2,3.0,"[0.9424777960769379, 1.5079644737231006]","[0.0, 0.0]",1056.3380281690138,1056.3380281690138,1136.3380281690138,528.1690140845069,528.1690140845069,0.0,40.0,False,0.2734432691933643,0.09180408649170542,1.5417752201355417,4.621228634100401e-06,0.42122206318627053,0.03463869626899634,1.0000000000000002,0.9999999999999997,0.0,0.0,8.326672684688674e-17,3.3306690738754696e-16,0.9821146177831772,0.26172720530356375,0.5227812455717217,1.226898701767639,1.5065663574099601,"[0.8613109908356336, 0.6587022164519355]","[0.7919664862534503, 0.48805332467790336]","[0.9376777630661978, 0.8491247186021834]","[3.0018940943621963, 1.5308844145242841]","[0.0006731650354058331, 0.5227812455717217]","[0.9472310461253177, 1.5065663574099601]",0.034638455155601225,0.2234978609199805,powell_composite_echo,False,80,3.3061900999964564,ideal echoed algebra with independent half corrections and weak duration asymmetry
chi_only_smooth_x_na2_chiT5p0,direct_multitone,chi_only,False,smooth_x,2,5.0,"[0.9424777960769379, 1.5079644737231006]","[0.0, 0.0]",1760.5633802816897,1760.5633802816897,1760.5633802816897,1760.5633802816897,0.0,0.0,0.0,True,0.7245389644102515,0.6556737055128143,0.6169930614749968,9.050097464216942e-07,0.7013432752385882,0.5313747243833138,1.0,0.9999999999999998,0.0,0.0,1.1102230246251565e-16,2.220446049250313e-16,0.39493631017082614,0.026185620973806972,0.050689844113593334,1.2252377091118376,1.5080829091297092,"[0.8626176784523775, 0.6872741044089631]","[0.7939265176785661, 0.5309111566134446]","[0.9407059142388173, 1.4449214741328367]","[1.5226232281572947, 1.569405734947635]","[0.0016813978340206128, 0.050689844113593334]","[0.9423925090939662, 1.5080829091297092]",0.65611928172178,0.975159165998701,cqed_sim_targeted_subspace,False,266,0.0,direct ideal-SQR target U = sum_n |n><n| tensor R_x(theta_n)
chi_only_smooth_x_na2_chiT5p0,echoed_symmetric,chi_only,False,smooth_x,2,5.0,"[0.9424777960769379, 1.5079644737231006]","[0.0, 0.0]",1760.5633802816897,1760.5633802816897,1840.56338028169,880.2816901408448,880.2816901408448,0.0,40.0,True,0.2732551486480352,0.09156893581004402,1.5417165527624956,7.171287014656869e-06,0.42140739922736503,0.03472404047018871,0.9999999999999998,0.9999999999999997,0.0,0.0,1.6653345369377348e-16,3.3306690738754696e-16,0.9823808614043633,0.2601907686687554,0.5203737403138127,1.2247754044300905,1.5065942624112405,"[0.8624659559111381, 0.6589558941876671]","[0.7936989338667072, 0.4884338412815006]","[0.9419987750678225, 0.8487788002483305]","[3.107970308604104, 1.5294903497094552]","[7.797023698150501e-06, 0.5203737403138127]","[0.9429565464489407, 1.5065942624112405]",0.03472516475203882,0.22334321485335912,cqed_sim_half_target_seed,False,734,0.0,ideal echoed algebra with identical half targets R_x(theta_n/2) and two finite X_pi refocusing pulses
chi_only_smooth_x_na2_chiT5p0,echoed_independent,chi_only,False,smooth_x,2,5.0,"[0.9424777960769379, 1.5079644737231006]","[0.0, 0.0]",1760.5633802816897,1760.5633802816897,1840.56338028169,880.2816901408448,880.2816901408448,0.0,40.0,False,0.27326290649402624,0.0915786331175328,1.541719897104994,1.5102057969014296e-06,0.42143800504053675,0.03473333684999958,1.0,0.9999999999999998,0.0,0.0,5.551115123125783e-17,2.220446049250313e-16,0.9823541428633924,0.260167607254138,0.5203073531645476,1.224617123368187,1.5064760035438811,"[0.8625194474549925, 0.6590003665057891]","[0.793779171182489, 0.4885005497586836]","[0.9420602237173433, 0.8490110599912681]","[2.3070298866142025, 1.529384449559855]","[2.786134372848006e-05, 0.5203073531645476]","[0.942758243192493, 1.5064760035438811]",0.03473350171438484,0.22337471419319146,powell_composite_echo,False,70,4.327156400002423,ideal echoed algebra with independent half corrections and equal durations
chi_only_smooth_x_na2_chiT5p0,echoed_asymmetric,chi_only,False,smooth_x,2,5.0,"[0.9424777960769379, 1.5079644737231006]","[0.0, 0.0]",1760.5633802816897,1760.5633802816897,1840.56338028169,880.2816901408448,880.2816901408448,0.0,40.0,False,0.27326290649402624,0.0915786331175328,1.541719897104994,1.5102057969014296e-06,0.42143800504053675,0.03473333684999958,1.0,0.9999999999999998,0.0,0.0,5.551115123125783e-17,2.220446049250313e-16,0.9823541428633924,0.260167607254138,0.5203073531645476,1.224617123368187,1.5064760035438811,"[0.8625194474549925, 0.6590003665057891]","[0.793779171182489, 0.4885005497586836]","[0.9420602237173433, 0.8490110599912681]","[2.3070298866142025, 1.529384449559855]","[2.786134372848006e-05, 0.5203073531645476]","[0.942758243192493, 1.5064760035438811]",0.03473350171438484,0.22337471419319146,powell_composite_echo,False,80,4.977924999999232,ideal echoed algebra with independent half corrections and weak duration asymmetry
chi_only_smooth_x_na3_chiT3p0,direct_multitone,chi_only,False,smooth_x,3,3.0,"[0.9424777960769379, 1.5079644737231006, 2.0734511513692633]","[0.0, 0.0, 0.0]",1056.3380281690138,1056.3380281690138,1056.3380281690138,1056.3380281690138,0.0,0.0,0.0,True,0.5735327914433318,0.5024549233505538,0.7634313942702049,1.9431035726904813e-06,0.554571371066505,0.2590169898983247,1.0,0.9999999999999996,0.0,0.0,9.251858538542972e-17,4.440892098500626e-16,0.5683263661691458,0.04586591465119227,0.08139181567049018,1.5086304866283893,2.0747020649776053,"[0.8625247003863832, 0.6871107474942771, 0.5052511965976004]","[0.7937870505795747, 0.5306661212414158, 0.2578767948964006]","[0.9402834876146965, 1.440500997667498, 1.9407039354768962]","[1.688941100629397, 1.5745043884799956, 1.572632736328768]","[0.0020238527113871363, 0.05418207557169947, 0.08139181567049018]","[0.9427365961073029, 1.5084527988002594, 2.0747020649776053]",0.5035165672418997,0.9335897728627655,cqed_sim_targeted_subspace,False,551,0.0,direct ideal-SQR target U = sum_n |n><n| tensor R_x(theta_n)
chi_only_smooth_x_na3_chiT3p0,echoed_symmetric,chi_only,False,smooth_x,3,3.0,"[0.9424777960769379, 1.5079644737231006, 2.0734511513692633]","[0.0, 0.0, 0.0]",1056.3380281690138,1056.3380281690138,1136.3380281690138,528.1690140845069,528.1690140845069,0.0,40.0,True,0.16604755907535498,0.027055485587914145,1.5127294983484723,5.618118003921587e-06,0.35369686171194686,0.01474618762018739,1.0,0.9999999999999998,0.0,0.0,3.700743415417188e-17,2.220446049250313e-16,1.055299594581678,0.2208875713232911,0.5238914627315518,1.3326594862282957,1.5445962204962616,"[0.8612431547247791, 0.6587904566210026, 0.6733285686601159]","[0.7918647320871685, 0.4881856849315038, 0.5099928529901738]","[0.9374698010973919, 0.8480866661749423, 1.4551931302343277]","[3.1023277535407185, 1.5299647506059015, 0.5046054728669511]","[9.187323082192336e-05, 0.5238914627315518, 0.13867937800749947]","[0.9474819454656866, 1.5059002927229386, 1.5445962204962616]",0.030733738072510338,0.012366764397852297,cqed_sim_half_target_seed,False,363,0.0,ideal echoed algebra with identical half targets R_x(theta_n/2) and two finite X_pi refocusing pulses
chi_only_smooth_x_na3_chiT3p0,echoed_independent,chi_only,False,smooth_x,3,3.0,"[0.9424777960769379, 1.5079644737231006, 2.0734511513692633]","[0.0, 0.0, 0.0]",1056.3380281690138,1056.3380281690138,1136.3380281690138,528.1690140845069,528.1690140845069,0.0,40.0,False,0.16604233446906977,0.02704939021391474,1.5127196775014642,1.0495696201898098e-05,0.3537327261022058,0.014793294489794814,1.0,0.9999999999999998,0.0,0.0,7.401486830834377e-17,2.220446049250313e-16,1.0552800299825364,0.22064348256887087,0.5234330442097962,1.3324398851253307,1.5444410029492484,"[0.8613077479566881, 0.6589240134361366, 0.673389439677663]","[0.7919616219350322, 0.4883860201542049, 0.5100841595164944]","[0.9377106016741122, 0.8486513605011943, 1.4550284182416942]","[3.114657107036944, 1.529584665056664, 0.504466704184315]","[0.0001320690956289701, 0.5234330442097962, 0.13836533440118737]","[0.9472432600684952, 1.5056353923582486, 1.5444410029492484]",0.030724998582749248,0.01235940427106628,powell_composite_echo,False,70,4.2452430999983335,ideal echoed algebra with independent half corrections and equal durations
chi_only_smooth_x_na3_chiT3p0,echoed_asymmetric,chi_only,False,smooth_x,3,3.0,"[0.9424777960769379, 1.5079644737231006, 2.0734511513692633]","[0.0, 0.0, 0.0]",1056.3380281690138,1056.3380281690138,1136.3380281690138,528.1690140845069,528.1690140845069,0.0,40.0,False,0.16604233446906977,0.02704939021391474,1.5127196775014642,1.0495696201898098e-05,0.3537327261022058,0.014793294489794814,1.0,0.9999999999999998,0.0,0.0,7.401486830834377e-17,2.220446049250313e-16,1.0552800299825364,0.22064348256887087,0.5234330442097962,1.3324398851253307,1.5444410029492484,"[0.8613077479566881, 0.6589240134361366, 0.673389439677663]","[0.7919616219350322, 0.4883860201542049, 0.5100841595164944]","[0.9377106016741122, 0.8486513605011943, 1.4550284182416942]","[3.114657107036944, 1.529584665056664, 0.504466704184315]","[0.0001320690956289701, 0.5234330442097962, 0.13836533440118737]","[0.9472432600684952, 1.5056353923582486, 1.5444410029492484]",0.030724998582749248,0.01235940427106628,powell_composite_echo,False,80,4.865162300004158,ideal echoed algebra with independent half corrections and weak duration asymmetry
chi_only_smooth_x_na3_chiT5p0,direct_multitone,chi_only,False,smooth_x,3,5.0,"[0.9424777960769379, 1.5079644737231006, 2.0734511513692633]","[0.0, 0.0, 0.0]",1760.5633802816897,1760.5633802816897,1760.5633802816897,1760.5633802816897,0.0,0.0,0.0,True,0.5737842236289331,0.502748260900422,0.7631207937605998,3.175868685963945e-06,0.5547937622835682,0.25919383233159404,1.0,0.9999999999999996,0.0,0.0,1.1102230246251565e-16,4.440892098500626e-16,0.568042398328694,0.0444896129826163,0.07755283958787099,1.5081876283578062,2.074203587281743,"[0.8626336773956602, 0.6872726409312282, 0.5054393624862575]","[0.7939505160934904, 0.5309089613968424, 0.2581590437293863]","[0.938675978607796, 1.4429534778132616, 1.9472224509432372]","[1.5312783318206746, 1.568483527982811, 1.5695870731869896]","[0.0035910352959641428, 0.05232496406401375, 0.07755283958787099]","[0.9423278344580724, 1.5080314633336034, 2.074203587281743]",0.5037081558237286,0.9345453710192263,cqed_sim_targeted_subspace,False,564,0.0,direct ideal-SQR target U = sum_n |n><n| tensor R_x(theta_n)
chi_only_smooth_x_na3_chiT5p0,echoed_symmetric,chi_only,False,smooth_x,3,5.0,"[0.9424777960769379, 1.5079644737231006, 2.0734511513692633]","[0.0, 0.0, 0.0]",1760.5633802816897,1760.5633802816897,1840.56338028169,880.2816901408448,880.2816901408448,0.0,40.0,True,0.16639440689062585,0.027460141372396815,1.5133856075436658,8.669369886083686e-06,0.3543655993805937,0.01487758194344087,1.0,0.9999999999999998,0.0,0.0,9.251858538542972e-17,2.220446049250313e-16,1.0549089801523421,0.21902138535454596,0.5204555461562624,1.3300247108910066,1.5404583224310933,"[0.8624770092088182, 0.6589136131884104, 0.6747642233711654]","[0.7937155138132271, 0.4883704197826155, 0.5121463350567482]","[0.9420356992156246, 0.8486513280555477, 1.4547031640478276]","[3.0016398497014865, 1.5296350606754279, 0.49369794930924066]","[2.777365094612252e-05, 0.5204555461562624, 0.13658083625642942]","[0.9429155718281922, 1.5067002384137342, 1.5404583224310933]",0.031104587557682216,0.012622638340925163,cqed_sim_half_target_seed,False,388,0.0,ideal echoed algebra with identical half targets R_x(theta_n/2) and two finite X_pi refocusing pulses
chi_only_smooth_x_na3_chiT5p0,echoed_independent,chi_only,False,smooth_x,3,5.0,"[0.9424777960769379, 1.5079644737231006, 2.0734511513692633]","[0.0, 0.0, 0.0]",1760.5633802816897,1760.5633802816897,1840.56338028169,880.2816901408448,880.2816901408448,0.0,40.0,False,0.16639438042685994,0.027460110498003263,1.5133852797220662,6.253332844527835e-06,0.3543782241655151,0.014893346874051585,1.0,0.9999999999999996,0.0,0.0,7.401486830834377e-17,4.440892098500626e-16,1.0548992264625572,0.21895162066017418,0.5203480394051045,1.3299533494712112,1.540402110447355,"[0.862503094293572, 0.6589445763269054, 0.6747873543233976]","[0.7937546414403579, 0.48841686449035815, 0.5121810314850965]","[0.9421221938485245, 0.84877168116213, 1.4546299394691875]","[2.8547173942732034, 1.5295418519610229, 0.49366990807953703]","[7.803124131251122e-05, 0.5203480394051045, 0.1364287913341054]","[0.9428188675470592, 1.5066390704192194, 1.540402110447355]",0.031104458186717893,0.012620829237595452,powell_composite_echo,False,70,6.375467600002594,ideal echoed algebra with independent half corrections and equal durations
chi_only_smooth_x_na3_chiT5p0,echoed_asymmetric,chi_only,False,smooth_x,3,5.0,"[0.9424777960769379, 1.5079644737231006, 2.0734511513692633]","[0.0, 0.0, 0.0]",1760.5633802816897,1760.5633802816897,1840.56338028169,880.2816901408448,880.2816901408448,0.0,40.0,False,0.1663942835029598,0.027459997420119783,1.5133851940141911,5.572153574872898e-06,0.35437704556159993,0.014895872649715407,1.0,0.9999999999999999,0.0,0.0,1.850371707708594e-17,1.1102230246251565e-16,1.0548993360265113,0.2189431330039796,0.5203129072697381,1.3299586628864108,1.5404043043946058,"[0.8625022793609144, 0.6589450189765759, 0.674787164883198]","[0.7937534190413716, 0.4884175284648637, 0.512180747324797]","[0.942115762359485, 0.8487836936747141, 1.4546481939778584]","[2.8254296638067276, 1.5295453827933407, 0.49362983634021873]","[0.00010602940200882987, 0.5203129072697381, 0.13641046234019186]","[0.9428218859988076, 1.5066497982658185, 1.5404043043946058]",0.03110453393660045,0.012620455823151303,powell_composite_echo,False,80,7.365174899998237,ideal echoed algebra with independent half corrections and weak duration asymmetry
chi_only_staggered_x_na2_chiT3p0,direct_multitone,chi_only,False,staggered_x,2,3.0,"[0.6911503837897545, 2.5132741228718345]","[0.0, 0.0]",1056.3380281690138,1056.3380281690138,1056.3380281690138,1056.3380281690138,0.0,0.0,0.0,True,0.5122223860674385,0.39027798258429813,0.8663694630954585,3.966042393707089e-06,0.5040032395554801,0.09542586541319978,0.9999999999999997,0.9999999999999996,0.0,0.0,3.608224830031759e-16,4.440892098500626e-16,0.686167031689712,0.015802502875385066,0.028133224335337714,1.6025518353050825,2.513723837896941,"[0.9234538028004585, 0.39687542863998065]","[0.8851807042006878, 0.09531314295997097]","[0.6875339449568134, 2.444421648296915]","[1.634194866499453, 1.574023081530318]","[0.0034717814154324195, 0.028133224335337714]","[0.6913798327132239, 2.513723837896941]",0.3904703701760911,0.7929141499509275,cqed_sim_targeted_subspace,False,257,0.0,direct ideal-SQR target U = sum_n |n><n| tensor R_x(theta_n)
chi_only_staggered_x_na2_chiT3p0,echoed_symmetric,chi_only,False,staggered_x,2,3.0,"[0.6911503837897545, 2.5132741228718345]","[0.0, 0.0]",1056.3380281690138,1056.3380281690138,1136.3380281690138,528.1690140845069,528.1690140845069,0.0,40.0,True,0.3112980509327093,0.13912256366588663,1.648291325173371,5.04588600021248e-07,0.3959073974360404,0.06374593016496827,0.9999999999999998,0.9999999999999997,0.0,0.0,1.6653345369377348e-16,3.3306690738754696e-16,0.9444519446809351,0.41447259762905253,0.828841929847,1.5401692083486251,2.383959291212991,"[0.9223899316224554, 0.3949211996819939]","[0.8835848974336831, 0.09238179952299085]","[0.6859132784583039, 1.8541762231588454]","[3.084890683183988, 1.5332426797576963]","[0.00010326541110507516, 0.828841929847]","[0.6963791254842594, 2.383959291212991]",0.06374665029946039,0.5075487658881388,cqed_sim_half_target_seed,False,268,0.0,ideal echoed algebra with identical half targets R_x(theta_n/2) and two finite X_pi refocusing pulses
chi_only_staggered_x_na2_chiT3p0,echoed_independent,chi_only,False,staggered_x,2,3.0,"[0.6911503837897545, 2.5132741228718345]","[0.0, 0.0]",1056.3380281690138,1056.3380281690138,1136.3380281690138,528.1690140845069,528.1690140845069,0.0,40.0,False,0.3113110493543626,0.13913881169295322,1.6483088678918205,6.097407654318238e-06,0.39592064759286494,0.06374631144901796,0.9999999999999999,0.9999999999999996,0.0,0.0,2.220446049250313e-16,4.440892098500626e-16,0.9444356508234125,0.41477804352896036,0.8290663462649417,1.5401714045688655,2.384024329664101,"[0.9224028629758498, 0.39489511523963033]","[0.8836042944637748, 0.09234267285944553]","[0.6859581236601925, 1.8541194352292263]","[3.0450772241523243, 1.5334458466208392]","[0.0004897407929790531, 0.8290663462649417]","[0.69631847947363, 2.384024329664101]",0.06374713681399154,0.5075809124346095,powell_composite_echo,False,70,3.056591299995489,ideal echoed algebra with independent half corrections and equal durations
chi_only_staggered_x_na2_chiT3p0,echoed_asymmetric,chi_only,False,staggered_x,2,3.0,"[0.6911503837897545, 2.5132741228718345]","[0.0, 0.0]",1056.3380281690138,1056.3380281690138,1136.3380281690138,528.1690140845069,528.1690140845069,0.0,40.0,False,0.3113110493543626,0.13913881169295322,1.6483088678918205,6.097407654318238e-06,0.39592064759286494,0.06374631144901796,0.9999999999999999,0.9999999999999996,0.0,0.0,2.220446049250313e-16,4.440892098500626e-16,0.9444356508234125,0.41477804352896036,0.8290663462649417,1.5401714045688655,2.384024329664101,"[0.9224028629758498, 0.39489511523963033]","[0.8836042944637748, 0.09234267285944553]","[0.6859581236601925, 1.8541194352292263]","[3.0450772241523243, 1.5334458466208392]","[0.0004897407929790531, 0.8290663462649417]","[0.69631847947363, 2.384024329664101]",0.06374713681399154,0.5075809124346095,powell_composite_echo,False,80,3.455850199999986,ideal echoed algebra with independent half corrections and weak duration asymmetry
chi_only_staggered_x_na2_chiT5p0,direct_multitone,chi_only,False,staggered_x,2,5.0,"[0.6911503837897545, 2.5132741228718345]","[0.0, 0.0]",1760.5633802816897,1760.5633802816897,1760.5633802816897,1760.5633802816897,0.0,0.0,0.0,True,0.5123476280250301,0.39043453503128756,0.8662220636304577,2.3329859805703186e-06,0.5041206457087319,0.09552518918737553,1.0,0.9999999999999998,0.0,0.0,1.1102230246251565e-16,2.220446049250313e-16,0.6860152863872023,0.01526508840967259,0.026745349289351933,1.6022012147399645,2.513364091084486,"[0.9235260175018359, 0.39694883492771854]","[0.8852890262527539, 0.09542325239157778]","[0.687250899896592, 2.448162781351955]","[1.5420109439105807, 1.5690747831296241]","[0.0037848275299932495, 0.026745349289351933]","[0.691038338395443, 2.513364091084486]",0.39060840671184116,0.7937749807490331,cqed_sim_targeted_subspace,False,545,0.0,direct ideal-SQR target U = sum_n |n><n| tensor R_x(theta_n)
chi_only_staggered_x_na2_chiT5p0,echoed_symmetric,chi_only,False,staggered_x,2,5.0,"[0.6911503837897545, 2.5132741228718345]","[0.0, 0.0]",1760.5633802816897,1760.5633802816897,1840.56338028169,880.2816901408448,880.2816901408448,0.0,40.0,True,0.3112267673508094,0.13903345918851173,1.6481999543342516,4.06664631086101e-06,0.3961915761841711,0.06387348468806513,1.0,1.0,0.0,0.0,0.0,0.0,0.9445321366837492,0.41355213171320854,0.8271009055546183,1.5370797736825494,2.382489362119441,"[0.9233939349245865, 0.3953000622220566]","[0.8850909023868797, 0.09295009333308495]","[0.6906303807081166, 1.8542148181688796]","[3.1137348408991934, 1.5302115260016291]","[3.3578717987613145e-06, 0.8271009055546183]","[0.6916701852456575, 2.382489362119441]",0.06387327655131682,0.5072254769183429,cqed_sim_half_target_seed,False,610,0.0,ideal echoed algebra with identical half targets R_x(theta_n/2) and two finite X_pi refocusing pulses
chi_only_staggered_x_na2_chiT5p0,echoed_independent,chi_only,False,staggered_x,2,5.0,"[0.6911503837897545, 2.5132741228718345]","[0.0, 0.0]",1760.5633802816897,1760.5633802816897,1840.56338028169,880.2816901408448,880.2816901408448,0.0,40.0,False,0.311240846788108,0.13905105848513497,1.6482208317401261,6.827021097411382e-06,0.3961926155620067,0.06388013477510456,1.0,0.9999999999999994,0.0,0.0,1.3877787807814457e-16,5.551115123125783e-16,0.9445106144413655,0.4137997263459208,0.8272923153436633,1.5371845578891765,2.3826515299312025,"[0.9233838423861312, 0.3952582609491561]","[0.8850757635791967, 0.09288739142373413]","[0.6904401835114333, 1.8541911240062579]","[2.495709231075197, 1.5305435267213876]","[0.00030713734817831617, 0.8272923153436633]","[0.6917175858471507, 2.3826515299312025]",0.06388015542217343,0.5072605800738916,powell_composite_echo,False,70,4.4869947000042885,ideal echoed algebra with independent half corrections and equal durations
chi_only_staggered_x_na2_chiT5p0,echoed_asymmetric,chi_only,False,staggered_x,2,5.0,"[0.6911503837897545, 2.5132741228718345]","[0.0, 0.0]",1760.5633802816897,1760.5633802816897,1840.56338028169,880.2816901408448,880.2816901408448,0.0,40.0,False,0.311240846788108,0.13905105848513497,1.6482208317401261,6.827021097411382e-06,0.3961926155620067,0.06388013477510456,1.0,0.9999999999999994,0.0,0.0,1.3877787807814457e-16,5.551115123125783e-16,0.9445106144413655,0.4137997263459208,0.8272923153436633,1.5371845578891765,2.3826515299312025,"[0.9233838423861312, 0.3952582609491561]","[0.8850757635791967, 0.09288739142373413]","[0.6904401835114333, 1.8541911240062579]","[2.495709231075197, 1.5305435267213876]","[0.00030713734817831617, 0.8272923153436633]","[0.6917175858471507, 2.3826515299312025]",0.06388015542217343,0.5072605800738916,powell_composite_echo,False,80,5.194758199999342,ideal echoed algebra with independent half corrections and weak duration asymmetry
chi_only_staggered_x_na3_chiT3p0,direct_multitone,chi_only,False,staggered_x,3,3.0,"[0.6911503837897545, 2.5132741228718345, 0.879645943005142]","[0.0, 0.0, 0.0]",1056.3380281690138,1056.3380281690138,1056.3380281690138,1056.3380281690138,0.0,0.0,0.0,True,0.5836527781725521,0.5142615745346442,0.7526605813868805,3.3386473830063957e-06,0.5903571200448009,0.09542325755856222,1.0,0.9999999999999996,0.0,0.0,1.6653345369377348e-16,4.440892098500626e-16,0.5457666648282875,0.05152625759672885,0.12440922019731922,1.3618671248404406,2.51372719327437,"[0.923452874283416, 0.39687568502980414, 0.8766696833965092]","[0.8851793114251241, 0.09531352754470623, 0.8150045250947638]","[0.6885874646786261, 2.445447467454559, 0.746545096534515]","[1.6637987117446125, 1.5742204645394924, 1.5724936870066564]","[0.0024562970839861397, 0.02771325550888121, 0.12440922019731922]","[0.6913885549902149, 2.51372719327437, 0.8804856262567367]",0.5157762438589824,0.8388383162092314,cqed_sim_targeted_subspace,False,568,0.0,direct ideal-SQR target U = sum_n |n><n| tensor R_x(theta_n)
chi_only_staggered_x_na3_chiT3p0,echoed_symmetric,chi_only,False,staggered_x,3,3.0,"[0.6911503837897545, 2.5132741228718345, 0.879645943005142]","[0.0, 0.0, 0.0]",1056.3380281690138,1056.3380281690138,1136.3380281690138,528.1690140845069,528.1690140845069,0.0,40.0,True,0.2583761207666789,0.1347721408944587,1.5899787382915098,5.216969946468795e-06,0.43432726479908135,0.06351043470153454,1.0,0.9999999999999999,0.0,0.0,3.700743415417188e-17,1.1102230246251565e-16,0.9302555147101497,0.3614480173447123,0.829141140173002,1.1475576876048634,2.3815232887941993,"[0.9224449441371853, 0.3953470184607772, 0.9674855695644847]","[0.8836674162057778, 0.09302052769116574, 0.9512283543467269]","[0.686175966926765, 1.8535789172175967, 0.26165432582083836]","[3.1067543934857214, 1.5297706681042307, 0.5047206257422004]","[6.000564433643631e-05, 0.829141140173002, 0.2551429062167985]","[0.696121800333461, 2.3815232887941993, 0.36502797368693035]",0.163169511264,0.19341444542137576,cqed_sim_half_target_seed,True,406,0.0,ideal echoed algebra with identical half targets R_x(theta_n/2) and two finite X_pi refocusing pulses
chi_only_staggered_x_na3_chiT3p0,echoed_independent,chi_only,False,staggered_x,3,3.0,"[0.6911503837897545, 2.5132741228718345, 0.879645943005142]","[0.0, 0.0, 0.0]",1056.3380281690138,1056.3380281690138,1136.3380281690138,528.1690140845069,528.1690140845069,0.0,40.0,False,0.25837283098229663,0.13476830281267937,1.5899764529745808,5.44065495794177e-06,0.4343211922521538,0.06352141430599886,1.0,0.9999999999999996,0.0,0.0,1.6653345369377348e-16,4.440892098500626e-16,0.9302578623003773,0.361335938961888,0.8289016636096795,1.147556658367635,2.381556682534405,"[0.9224520777142735, 0.39535615692429654, 0.9674897566133206]","[0.8836781165714103, 0.09303423538644479, 0.9512346349199808]","[0.6862106434900436, 1.8537645882309142, 0.2616406065304394]","[3.115301807616336, 1.5297166981241166, 0.5046779515460579]","[9.699993221229171e-06, 0.8289016636096795, 0.2550964532827632]","[0.6960884285508162, 2.381556682534405, 0.3650248640176845]",0.16316224313718122,0.1934160794020889,powell_composite_echo,False,70,4.502838000000338,ideal echoed algebra with independent half corrections and equal durations
chi_only_staggered_x_na3_chiT3p0,echoed_asymmetric,chi_only,False,staggered_x,3,3.0,"[0.6911503837897545, 2.5132741228718345, 0.879645943005142]","[0.0, 0.0, 0.0]",1056.3380281690138,1056.3380281690138,1136.3380281690138,528.1690140845069,528.1690140845069,0.0,40.0,False,0.2583723174874426,0.1347677037353497,1.5899756104658456,3.7434461955387875e-06,0.4343200986041316,0.0635220397476778,1.0,0.9999999999999998,0.0,0.0,9.251858538542972e-17,2.220446049250313e-16,0.9302583104705385,0.3613204727308865,0.8288685882515747,1.147558425756397,2.3815567219908464,"[0.9224517248985166, 0.39535825512465284, 0.9674948040051271]","[0.883677587347775, 0.0930373826869792, 0.9512422060076907]","[0.6862080565121259, 1.85376981426159, 0.26167387169163825]","[3.1088451896862535, 1.5297004670574466, 0.5045947237417622]","[6.292469902852698e-05, 0.8288685882515747, 0.25502990524205627]","[0.6960900764472581, 2.3815567219908464, 0.3650284788310871]",0.1631643912068453,0.1934133435818137,powell_composite_echo,False,80,5.016146599999047,ideal echoed algebra with independent half corrections and weak duration asymmetry
chi_only_staggered_x_na3_chiT5p0,direct_multitone,chi_only,False,staggered_x,3,5.0,"[0.6911503837897545, 2.5132741228718345, 0.879645943005142]","[0.0, 0.0, 0.0]",1760.5633802816897,1760.5633802816897,1760.5633802816897,1760.5633802816897,0.0,0.0,0.0,True,0.583919982023155,0.5145733123603475,0.7523134536494385,3.4198948450544277e-06,0.5905638243696022,0.09553110489696674,0.9999999999999999,0.9999999999999998,0.0,0.0,1.1102230246251565e-16,2.220446049250313e-16,0.5454612044539433,0.04929531170516649,0.11781410770438698,1.3614731939146238,2.5133419456690325,"[0.9235302112278038, 0.396953414886279, 0.8770120485126426]","[0.8852953168417057, 0.09543012232941854, 0.8155180727689639]","[0.6876140357911381, 2.4485185716134037, 0.7536647020805852]","[1.5340001466223898, 1.5687621185327918, 1.5697575616103714]","[0.003443135069305675, 0.026628692341806814, 0.11781410770438698]","[0.6910203849295941, 2.5133419456690325, 0.8800572511452447]",0.5159267889566552,0.8391865850523345,cqed_sim_targeted_subspace,False,390,0.0,direct ideal-SQR target U = sum_n |n><n| tensor R_x(theta_n)
chi_only_staggered_x_na3_chiT5p0,echoed_symmetric,chi_only,False,staggered_x,3,5.0,"[0.6911503837897545, 2.5132741228718345, 0.879645943005142]","[0.0, 0.0, 0.0]",1760.5633802816897,1760.5633802816897,1840.56338028169,880.2816901408448,880.2816901408448,0.0,40.0,True,0.25911919246881115,0.1356390578802797,1.5908603956251852,9.828140657424318e-06,0.4350227643036918,0.06381283081180578,1.0,0.9999999999999998,0.0,0.0,7.401486830834377e-17,2.220446049250313e-16,0.9294577059666544,0.35926597349835815,0.8271840158531493,1.144639604711335,2.381872162551454,"[0.9234042196054407, 0.39540769144779503, 0.9683941686509971]","[0.885106329408161, 0.09311153717169249, 0.9525912529764957]","[0.6906785984506253, 1.8540529211285874, 0.2610880985786215]","[3.1025569486666607, 1.52933435828653, 0.4938279182541152]","[6.901319955379283e-06, 0.8271840158531493, 0.2506070033219698]","[0.6916218099253217, 2.381872162551454, 0.3604248416572295]",0.16369868165377421,0.1944747612834355,cqed_sim_half_target_seed,False,387,0.0,ideal echoed algebra with identical half targets R_x(theta_n/2) and two finite X_pi refocusing pulses
chi_only_staggered_x_na3_chiT5p0,echoed_independent,chi_only,False,staggered_x,3,5.0,"[0.6911503837897545, 2.5132741228718345, 0.879645943005142]","[0.0, 0.0, 0.0]",1760.5633802816897,1760.5633802816897,1840.56338028169,880.2816901408448,880.2816901408448,0.0,40.0,False,0.2591219500521421,0.13564227506083248,1.5908619639400536,8.871305023312339e-06,0.4350206273514601,0.06381518510297762,1.0000000000000002,0.9999999999999998,0.0,0.0,3.700743415417188e-17,2.220446049250313e-16,0.9294534935338121,0.35927487120104623,0.827187310496834,1.1446718487286043,2.3819125018000493,"[0.9233989464624887, 0.3954001000113064, 0.9683892652776483]","[0.885098419693733, 0.09310015001695963, 0.9525838979164725]","[0.6906537649305992, 1.8540599140830092, 0.2610952373428521]","[3.1019736665439286, 1.529395739227403, 0.4938845064794933]","[1.5108086816327603e-05, 0.827187310496834, 0.2506221950194882]","[0.6916466130409646, 2.3819125018000493, 0.3604564313447988]",0.16370195962649875,0.19447969493192213,powell_composite_echo,False,70,6.500700999997207,ideal echoed algebra with independent half corrections and equal durations
chi_only_staggered_x_na3_chiT5p0,echoed_asymmetric,chi_only,False,staggered_x,3,5.0,"[0.6911503837897545, 2.5132741228718345, 0.879645943005142]","[0.0, 0.0, 0.0]",1760.5633802816897,1760.5633802816897,1840.56338028169,880.2816901408448,880.2816901408448,0.0,40.0,False,0.2591219500521421,0.13564227506083248,1.5908619639400536,8.871305023312339e-06,0.4350206273514601,0.06381518510297762,1.0000000000000002,0.9999999999999998,0.0,0.0,3.700743415417188e-17,2.220446049250313e-16,0.9294534935338121,0.35927487120104623,0.827187310496834,1.1446718487286043,2.3819125018000493,"[0.9233989464624887, 0.3954001000113064, 0.9683892652776483]","[0.885098419693733, 0.09310015001695963, 0.9525838979164725]","[0.6906537649305992, 1.8540599140830092, 0.2610952373428521]","[3.1019736665439286, 1.529395739227403, 0.4938845064794933]","[1.5108086816327603e-05, 0.827187310496834, 0.2506221950194882]","[0.6916466130409646, 2.3819125018000493, 0.3604564313447988]",0.16370195962649875,0.19447969493192213,powell_composite_echo,False,80,7.395078399997146,ideal echoed algebra with independent half corrections and weak duration asymmetry
chi_plus_chiprime_smooth_x_na2_chiT3p0,direct_multitone,chi_plus_chiprime,True,smooth_x,2,3.0,"[0.9424777960769379, 1.5079644737231006]","[0.0, 0.0]",1056.3380281690138,1056.3380281690138,1056.3380281690138,1056.3380281690138,0.0,0.0,0.0,True,0.7244171228239499,0.6555214035299374,0.6171623530400321,1.6137328093845002e-06,0.7012291596541107,0.531259374924445,1.0,0.9999999999999999,0.0,0.0,5.551115123125783e-17,1.1102230246251565e-16,0.3950827194644901,0.026907059613104946,0.05308390239060629,1.2254722378849212,1.5083275750069287,"[0.8625574932355983, 0.6871653665891908]","[0.7938362398533972, 0.5307480498837862]","[0.9416811782659241, 1.441855913417632]","[1.7462910248138914, 1.5728235879341264]","[0.0007302168356036014, 0.05308390239060629]","[0.9426169007629137, 1.5083275750069287]",0.6560172970134486,0.9748015430525007,cqed_sim_targeted_subspace,False,383,0.0,direct ideal-SQR target U = sum_n |n><n| tensor R_x(theta_n)
chi_plus_chiprime_smooth_x_na2_chiT3p0,echoed_symmetric,chi_plus_chiprime,True,smooth_x,2,3.0,"[0.9424777960769379, 1.5079644737231006]","[0.0, 0.0]",1056.3380281690138,1056.3380281690138,1136.3380281690138,528.1690140845069,528.1690140845069,0.0,40.0,True,0.2734255397436767,0.09178192467959587,1.5418009811365347,4.713502310706879e-06,0.42114952871521827,0.03460223980323012,0.9999999999999999,0.9999999999999994,0.0,0.0,2.7755575615628914e-16,5.551115123125783e-16,0.9821786164870703,0.26184669558401913,0.5235648843454183,1.2273018055177451,1.5069771638137504,"[0.8612040422260677, 0.658487240679655]","[0.7918060633391015, 0.48773086101948254]","[0.9373219382813112, 0.8484793512124131]","[3.088612403901492, 1.531620532887404]","[0.00012850682262000357, 0.5235648843454183]","[0.9476264472217402, 1.5069771638137504]",0.03462072072049587,0.22348960297969478,cqed_sim_half_target_seed,False,589,0.0,ideal echoed algebra with identical half targets R_x(theta_n/2) and two finite X_pi refocusing pulses
chi_plus_chiprime_smooth_x_na2_chiT3p0,echoed_independent,chi_plus_chiprime,True,smooth_x,2,3.0,"[0.9424777960769379, 1.5079644737231006]","[0.0, 0.0]",1056.3380281690138,1056.3380281690138,1136.3380281690138,528.1690140845069,528.1690140845069,0.0,40.0,False,0.2734420549994979,0.09180256874937243,1.5417730329881725,4.62478445248031e-06,0.42122298197302277,0.034636580513118576,1.0,0.9999999999999999,0.0,0.0,5.551115123125783e-17,1.1102230246251565e-16,0.9821155493370836,0.2617274078273372,0.5229030561997337,1.2268973598193198,1.5065287707824777,"[0.8613015672602087, 0.6587007407932088]","[0.791952350890313, 0.48805111118981326]","[0.9376534794895238, 0.8491024957444443]","[3.0190576360038137, 1.5308810300396238]","[0.0005517594549407849, 0.5229030561997337]","[0.9472659488561621, 1.5065287707824777]",0.03463600639300586,0.22348963152419563,powell_composite_echo,False,70,2.9766439000013634,ideal echoed algebra with independent half corrections and equal durations
chi_plus_chiprime_smooth_x_na2_chiT3p0,echoed_asymmetric,chi_plus_chiprime,True,smooth_x,2,3.0,"[0.9424777960769379, 1.5079644737231006]","[0.0, 0.0]",1056.3380281690138,1056.3380281690138,1136.3380281690138,528.1690140845069,528.1690140845069,0.0,40.0,False,0.2734420549994979,0.09180256874937243,1.5417730329881725,4.62478445248031e-06,0.42122298197302277,0.034636580513118576,1.0,0.9999999999999999,0.0,0.0,5.551115123125783e-17,1.1102230246251565e-16,0.9821155493370836,0.2617274078273372,0.5229030561997337,1.2268973598193198,1.5065287707824777,"[0.8613015672602087, 0.6587007407932088]","[0.791952350890313, 0.48805111118981326]","[0.9376534794895238, 0.8491024957444443]","[3.0190576360038137, 1.5308810300396238]","[0.0005517594549407849, 0.5229030561997337]","[0.9472659488561621, 1.5065287707824777]",0.03463600639300586,0.22348963152419563,powell_composite_echo,False,80,3.3104972000001,ideal echoed algebra with independent half corrections and weak duration asymmetry
chi_plus_chiprime_smooth_x_na2_chiT5p0,direct_multitone,chi_plus_chiprime,True,smooth_x,2,5.0,"[0.9424777960769379, 1.5079644737231006]","[0.0, 0.0]",1760.5633802816897,1760.5633802816897,1760.5633802816897,1760.5633802816897,0.0,0.0,0.0,True,0.7245386886316723,0.6556733607895904,0.6169934091796403,1.4768411316722066e-06,0.7013427099603314,0.531373325755025,0.9999999999999999,0.9999999999999997,0.0,0.0,1.6653345369377348e-16,3.3306690738754696e-16,0.39493635159664015,0.026091286573145626,0.05060340164375628,1.225240030913216,1.5080863907877553,"[0.8626174128148646, 0.6872739120112975]","[0.7939261192222967, 0.5309108680169463]","[0.9408137223206436, 1.4450265526711514]","[1.5202017089928122, 1.5694686040997665]","[0.0015791715025349731, 0.05060340164375628]","[0.9423936710386768, 1.5080863907877553]",0.6561191958552924,0.9751614753665974,cqed_sim_targeted_subspace,False,269,0.0,direct ideal-SQR target U = sum_n |n><n| tensor R_x(theta_n)
chi_plus_chiprime_smooth_x_na2_chiT5p0,echoed_symmetric,chi_plus_chiprime,True,smooth_x,2,5.0,"[0.9424777960769379, 1.5079644737231006]","[0.0, 0.0]",1760.5633802816897,1760.5633802816897,1840.56338028169,880.2816901408448,880.2816901408448,0.0,40.0,True,0.27325443012441186,0.09156803765551487,1.5417166891517304,8.555349264345783e-06,0.42140522946138,0.03472351633480317,1.0,0.9999999999999998,0.0,0.0,1.1102230246251565e-16,2.220446049250313e-16,0.9823819069354578,0.2601905617593212,0.5203734660692049,1.2247849730793958,1.5066068053483859,"[0.8624641769720062, 0.6589519731900229]","[0.7936962654580093, 0.48842795978503434]","[0.9419922284038136, 0.8487770582890163]","[3.1112835193042514, 1.5295085346426676]","[7.657449437523264e-06, 0.5203734660692049]","[0.942963140810406, 1.5066068053483859]",0.034725191261738085,0.22334457774475142,cqed_sim_half_target_seed,False,261,0.0,ideal echoed algebra with identical half targets R_x(theta_n/2) and two finite X_pi refocusing pulses
chi_plus_chiprime_smooth_x_na2_chiT5p0,echoed_independent,chi_plus_chiprime,True,smooth_x,2,5.0,"[0.9424777960769379, 1.5079644737231006]","[0.0, 0.0]",1760.5633802816897,1760.5633802816897,1840.56338028169,880.2816901408448,880.2816901408448,0.0,40.0,False,0.2732636596232666,0.0915795745290833,1.5417171904339642,1.6035996011735656e-06,0.42144201123406255,0.034734844980408686,0.9999999999999999,0.9999999999999998,0.0,0.0,1.1102230246251565e-16,2.220446049250313e-16,0.9823538110109769,0.26016320435246315,0.5202642407299161,1.2245938521276916,1.5064441780841786,"[0.8625234165738999, 0.6590150812522935]","[0.7937851248608498, 0.4885226218784402]","[0.942101668465052, 0.8490217130391211]","[2.3551985782167333, 1.5293181278081887]","[6.216797501018585e-05, 0.5202642407299161]","[0.9427435261712043, 1.5064441780841786]",0.034734539011801825,0.22337363448409278,powell_composite_echo,False,70,4.236918099995819,ideal echoed algebra with independent half corrections and equal durations
chi_plus_chiprime_smooth_x_na2_chiT5p0,echoed_asymmetric,chi_plus_chiprime,True,smooth_x,2,5.0,"[0.9424777960769379, 1.5079644737231006]","[0.0, 0.0]",1760.5633802816897,1760.5633802816897,1840.56338028169,880.2816901408448,880.2816901408448,0.0,40.0,False,0.2732636596232666,0.0915795745290833,1.5417171904339642,1.6035996011735656e-06,0.42144201123406255,0.034734844980408686,0.9999999999999999,0.9999999999999998,0.0,0.0,1.1102230246251565e-16,2.220446049250313e-16,0.9823538110109769,0.26016320435246315,0.5202642407299161,1.2245938521276916,1.5064441780841786,"[0.8625234165738999, 0.6590150812522935]","[0.7937851248608498, 0.4885226218784402]","[0.942101668465052, 0.8490217130391211]","[2.3551985782167333, 1.5293181278081887]","[6.216797501018585e-05, 0.5202642407299161]","[0.9427435261712043, 1.5064441780841786]",0.034734539011801825,0.22337363448409278,powell_composite_echo,False,80,4.7708654000016395,ideal echoed algebra with independent half corrections and weak duration asymmetry
chi_plus_chiprime_smooth_x_na3_chiT3p0,direct_multitone,chi_plus_chiprime,True,smooth_x,3,3.0,"[0.9424777960769379, 1.5079644737231006, 2.0734511513692633]","[0.0, 0.0, 0.0]",1056.3380281690138,1056.3380281690138,1056.3380281690138,1056.3380281690138,0.0,0.0,0.0,True,0.5670726022431635,0.4949180359503573,0.7716697974511194,2.7661210948738777e-06,0.550808345873935,0.259042347019085,1.0,0.9999999999999997,0.0,0.0,5.551115123125783e-17,3.3306690738754696e-16,0.5758649066545279,0.10240807433794673,0.2519882836181713,1.5115074803007327,2.083366682660124,"[0.8625291712090064, 0.6871219890928836, 0.4988018393104982]","[0.7937937568135096, 0.5306829836393254, 0.2482027589657473]","[0.9408646776004275, 1.441069071857704, 1.6615285215785063]","[1.7221054834363836, 1.574334040597973, 1.5712691286594784]","[0.0014944519663208148, 0.05374148742934804, 0.2519882836181713]","[0.9427210082715347, 1.50843474997054, 2.083366682660124]",0.5035322310408422,0.8910268766138715,cqed_sim_targeted_subspace,False,546,0.0,direct ideal-SQR target U = sum_n |n><n| tensor R_x(theta_n)
chi_plus_chiprime_smooth_x_na3_chiT3p0,echoed_symmetric,chi_plus_chiprime,True,smooth_x,3,3.0,"[0.9424777960769379, 1.5079644737231006, 2.0734511513692633]","[0.0, 0.0, 0.0]",1056.3380281690138,1056.3380281690138,1136.3380281690138,528.1690140845069,528.1690140845069,0.0,40.0,True,0.15957590939094318,0.019505227622767036,1.4884110521654341,4.7841092988445055e-06,0.3562664616526723,0.028715878803435256,1.0,0.9999999999999997,0.0,0.0,1.295260195396016e-16,3.3306690738754696e-16,1.0626349536468627,0.2357752529786373,0.5238905709619013,1.3024251058081056,1.5056411448131872,"[0.8612614682486829, 0.6588721174211727, 0.7016227860831209]","[0.7918922023730244, 0.48830817613175903, 0.5524341791246814]","[0.9375390913199974, 0.8481159798589389, 1.3668045265794628]","[3.111551048159509, 1.5295830649311546, 0.4690747220287707]","[6.942045760195157e-05, 0.5238905709619013, 0.1833657675164087]","[0.947414280613197, 1.5056411448131872, 1.4542198919979326]",0.028815725804778883,0.0060706837551555305,cqed_sim_half_target_seed,False,382,0.0,ideal echoed algebra with identical half targets R_x(theta_n/2) and two finite X_pi refocusing pulses
chi_plus_chiprime_smooth_x_na3_chiT3p0,echoed_independent,chi_plus_chiprime,True,smooth_x,3,3.0,"[0.9424777960769379, 1.5079644737231006, 2.0734511513692633]","[0.0, 0.0, 0.0]",1056.3380281690138,1056.3380281690138,1136.3380281690138,528.1690140845069,528.1690140845069,0.0,40.0,False,0.15957272590366256,0.019501513554272976,1.488403449894125,6.823396514777902e-06,0.35629132353393766,0.0287602453899414,1.0000000000000002,0.9999999999999999,0.0,0.0,1.850371707708594e-17,1.1102230246251565e-16,1.0626211000812007,0.2356026027154001,0.5235545560435717,1.3022718738739743,1.5054706541880725,"[0.8613098704666052, 0.6589625674906255, 0.7016663916890417]","[0.7919648056999079, 0.48844385123593825, 0.5524995875335625]","[0.9377197643039158, 0.8485418322388886, 1.3666874109887481]","[3.128559430636694, 1.5293460618820411, 0.4689846089702361]","[6.390742340479626e-05, 0.5235545560435717, 0.1831893446792238]","[0.9472354234657515, 1.5054706541880725, 1.4541095439680987]",0.028808223377735306,0.006066588853406972,powell_composite_echo,False,70,4.111298300005728,ideal echoed algebra with independent half corrections and equal durations
chi_plus_chiprime_smooth_x_na3_chiT3p0,echoed_asymmetric,chi_plus_chiprime,True,smooth_x,3,3.0,"[0.9424777960769379, 1.5079644737231006, 2.0734511513692633]","[0.0, 0.0, 0.0]",1056.3380281690138,1056.3380281690138,1136.3380281690138,528.1690140845069,528.1690140845069,0.0,40.0,False,0.15957303298024436,0.019501871810285107,1.4884041938265655,6.697896664897716e-06,0.35628952147201165,0.02875811684030084,0.9999999999999999,0.9999999999999997,0.0,0.0,1.6653345369377348e-16,3.3306690738754696e-16,1.062620410536363,0.2356041571200537,0.523566834264209,1.302282511607916,1.5054905732298958,"[0.861309007899024, 0.6589549539054266, 0.701662944232103]","[0.791963511848536, 0.4884324308581399, 0.5524944163481544]","[0.9377167929523046, 0.8485464369576413, 1.3666828860358688]","[3.132732873886883, 1.5293851329196293, 0.4690195890042306]","[4.29838797512333e-05, 0.523566834264209, 0.1832026532162009]","[0.9472386122369759, 1.5054905732298958, 1.4541183493568761]",0.02880843058556203,0.006067105933640365,powell_composite_echo,False,80,4.7368306999997,ideal echoed algebra with independent half corrections and weak duration asymmetry
chi_plus_chiprime_smooth_x_na3_chiT5p0,direct_multitone,chi_plus_chiprime,True,smooth_x,3,5.0,"[0.9424777960769379, 1.5079644737231006, 2.0734511513692633]","[0.0, 0.0, 0.0]",1760.5633802816897,1760.5633802816897,1760.5633802816897,1760.5633802816897,0.0,0.0,0.0,True,0.5596235377757987,0.4862274607384318,0.7808118063851895,2.6632532629174096e-06,0.5465293318419585,0.25920334695304137,1.0000000000000002,1.0,0.0,0.0,0.0,0.0,0.5845587849401619,0.13792780035240396,0.36035326280478386,1.5145797687954008,2.093306657783862,"[0.8626234102712601, 0.6872754123429763, 0.4915006281076278]","[0.79393511540689, 0.5309131185144644, 0.23725094216144169]","[0.9400856663396137, 1.4443194207952637, 1.4830412412778688]","[1.5256975732721545, 1.5690380275500369, 1.5705465534546732]","[0.0022552581696065016, 0.05117488008282147, 0.36035326280478386]","[0.9423700542274941, 1.5080625943748454, 2.093306657783862]",0.5037031348520068,0.8554855793029262,cqed_sim_targeted_subspace,False,379,0.0,direct ideal-SQR target U = sum_n |n><n| tensor R_x(theta_n)
chi_plus_chiprime_smooth_x_na3_chiT5p0,echoed_symmetric,chi_plus_chiprime,True,smooth_x,3,5.0,"[0.9424777960769379, 1.5079644737231006, 2.0734511513692633]","[0.0, 0.0, 0.0]",1760.5633802816897,1760.5633802816897,1840.56338028169,880.2816901408448,880.2816901408448,0.0,40.0,True,0.15635618801014198,0.015748886011832292,1.4729977805922965,9.080530145325554e-06,0.35862592068299554,0.03471946588417446,1.0,0.9999999999999998,0.0,0.0,7.401486830834377e-17,2.220446049250313e-16,1.066443014540484,0.24507425431893118,0.5204387137979752,1.2817420174806895,1.5063152094996688,"[0.862473356433925, 0.6590367205833977, 0.7192428650465962]","[0.7937100346508873, 0.4885550808750964, 0.5788642975698942]","[0.9420255643541682, 0.848696426846861, 1.314190976106559]","[3.0779653648840695, 1.5290596732075517, 0.4440814112068082]","[1.3112785701529238e-05, 0.5204387137979752, 0.2147709363731168]","[0.9429291130081606, 1.5063152094996688, 1.3959817299342387]",0.028192930389239323,0.003373858375886219,cqed_sim_half_target_seed,False,376,0.0,ideal echoed algebra with identical half targets R_x(theta_n/2) and two finite X_pi refocusing pulses
chi_plus_chiprime_smooth_x_na3_chiT5p0,echoed_independent,chi_plus_chiprime,True,smooth_x,3,5.0,"[0.9424777960769379, 1.5079644737231006, 2.0734511513692633]","[0.0, 0.0, 0.0]",1760.5633802816897,1760.5633802816897,1840.56338028169,880.2816901408448,880.2816901408448,0.0,40.0,False,0.15635166837390566,0.01574361310288991,1.4729847964522793,3.877688177994797e-06,0.35863329917742565,0.034725895434584146,1.0,0.9999999999999997,0.0,0.0,1.1102230246251565e-16,3.3306690738754696e-16,1.0664393869716962,0.2449336893047485,0.5200198989020229,1.2816721407915133,1.5061916106785558,"[0.8624896565684835, 0.6591212160698278, 0.7192721756192929]","[0.7937344848527254, 0.4886818241047416, 0.5789082634289393]","[0.9418984770710875, 0.8488667957373707, 1.3143156575064083]","[2.311202618977794, 1.5287304776214108, 0.44362768350909576]","[0.00043043557009820715, 0.5200198989020229, 0.2143507334421243]","[0.9428685891075796, 1.5061916106785558, 1.3959562225884046]",0.028189137639088382,0.0033715349703070385,powell_composite_echo,False,70,5.840922899995348,ideal echoed algebra with independent half corrections and equal durations
chi_plus_chiprime_smooth_x_na3_chiT5p0,echoed_asymmetric,chi_plus_chiprime,True,smooth_x,3,5.0,"[0.9424777960769379, 1.5079644737231006, 2.0734511513692633]","[0.0, 0.0, 0.0]",1760.5633802816897,1760.5633802816897,1840.56338028169,880.2816901408448,880.2816901408448,0.0,40.0,False,0.15635186318994249,0.015743840388266213,1.4729852108115624,1.0487659148696604e-05,0.35863336615226793,0.034725862825729786,1.0,0.9999999999999999,0.0,0.0,7.401486830834377e-17,1.1102230246251565e-16,1.066439261419103,0.24493303079790316,0.5200204157240018,1.2816728534456143,1.5061959262052516,"[0.8624895041671379, 0.6591198004601666, 0.7192731616675953]","[0.7937342562507068, 0.48867970069024996, 0.5789097425013929]","[0.9418983125741829, 0.8488647298369972, 1.3143141231848756]","[2.312264753768533, 1.5287363656332673, 0.4436235727427467]","[0.0004298186849941148, 0.5200204157240018, 0.2143488579847135]","[0.9428691543637989, 1.5061959262052516, 1.3959534797677924]",0.02818928825712397,0.003371530518127999,powell_composite_echo,False,80,6.637426499997673,ideal echoed algebra with independent half corrections and weak duration asymmetry
chi_plus_chiprime_staggered_x_na2_chiT3p0,direct_multitone,chi_plus_chiprime,True,staggered_x,2,3.0,"[0.6911503837897545, 2.5132741228718345]","[0.0, 0.0]",1056.3380281690138,1056.3380281690138,1056.3380281690138,1056.3380281690138,0.0,0.0,0.0,True,0.5122225765016399,0.3902782206270499,0.866369249630655,1.753515166544445e-06,0.5040036559165062,0.09542613136038848,0.9999999999999998,0.9999999999999998,0.0,0.0,1.6653345369377348e-16,2.220446049250313e-16,0.686166681728705,0.015777443196082548,0.02811890622058212,1.6025508982871173,2.5137238670033693,"[0.9234542452923838, 0.3968754543025342]","[0.8851813679385759, 0.09531318145380124]","[0.6875705335215557, 2.4444572089680987]","[1.6343119476665589, 1.5740286214894907]","[0.0034359801715829782, 0.02811890622058212]","[0.6913779295708652, 2.5137238670033693]",0.3904715548752672,0.7929162492743543,cqed_sim_targeted_subspace,False,532,0.0,direct ideal-SQR target U = sum_n |n><n| tensor R_x(theta_n)
chi_plus_chiprime_staggered_x_na2_chiT3p0,echoed_symmetric,chi_plus_chiprime,True,staggered_x,2,3.0,"[0.6911503837897545, 2.5132741228718345]","[0.0, 0.0]",1056.3380281690138,1056.3380281690138,1136.3380281690138,528.1690140845069,528.1690140845069,0.0,40.0,True,0.31132169071808213,0.13915211339760272,1.6483254746449134,3.1788692277813837e-06,0.3958997030321971,0.06378196812395587,1.0,0.9999999999999998,0.0,0.0,1.3877787807814457e-16,2.220446049250313e-16,0.9444231342773898,0.4144554253875671,0.8288044462736033,1.5403516436490363,2.3843162552909645,"[0.9223882409826848, 0.3948585016543764]","[0.8835823614740274, 0.09228775248156466]","[0.6859048459628249, 1.8542587908007115]","[3.08318109723914, 1.5337547795397217]","[0.00010640450153085324, 0.8288044462736033]","[0.696387032007108, 2.3843162552909645]",0.06378252313892645,0.5076296515262636,cqed_sim_half_target_seed,False,257,0.0,ideal echoed algebra with identical half targets R_x(theta_n/2) and two finite X_pi refocusing pulses
chi_plus_chiprime_staggered_x_na2_chiT3p0,echoed_independent,chi_plus_chiprime,True,staggered_x,2,3.0,"[0.6911503837897545, 2.5132741228718345]","[0.0, 0.0]",1056.3380281690138,1056.3380281690138,1136.3380281690138,528.1690140845069,528.1690140845069,0.0,40.0,False,0.3113412141382031,0.13917651767275385,1.6483514604311253,1.3115418199136968e-06,0.3959224344048936,0.06378163454635669,1.0000000000000002,1.0,0.0,0.0,0.0,0.0,0.944398744331911,0.41493215965047736,0.8291500448566899,1.5403316098538942,2.3843951629201823,"[0.9224136014756268, 0.39482222650992943]","[0.8836204022134402, 0.09223333976489416]","[0.6859844707462242, 1.8541722043934628]","[3.004859793746451, 1.5340366133642835]","[0.0007142744442648083, 0.8291500448566899]","[0.6962680567876058, 2.3843951629201823]",0.06378121136055415,0.5076926830472085,powell_composite_echo,False,70,2.912605400000757,ideal echoed algebra with independent half corrections and equal durations
chi_plus_chiprime_staggered_x_na2_chiT3p0,echoed_asymmetric,chi_plus_chiprime,True,staggered_x,2,3.0,"[0.6911503837897545, 2.5132741228718345]","[0.0, 0.0]",1056.3380281690138,1056.3380281690138,1136.3380281690138,528.1690140845069,528.1690140845069,0.0,40.0,False,0.3113412141382031,0.13917651767275385,1.6483514604311253,1.3115418199136968e-06,0.3959224344048936,0.06378163454635669,1.0000000000000002,1.0,0.0,0.0,0.0,0.0,0.944398744331911,0.41493215965047736,0.8291500448566899,1.5403316098538942,2.3843951629201823,"[0.9224136014756268, 0.39482222650992943]","[0.8836204022134402, 0.09223333976489416]","[0.6859844707462242, 1.8541722043934628]","[3.004859793746451, 1.5340366133642835]","[0.0007142744442648083, 0.8291500448566899]","[0.6962680567876058, 2.3843951629201823]",0.06378121136055415,0.5076926830472085,powell_composite_echo,False,80,3.3200623000011547,ideal echoed algebra with independent half corrections and weak duration asymmetry
chi_plus_chiprime_staggered_x_na2_chiT5p0,direct_multitone,chi_plus_chiprime,True,staggered_x,2,5.0,"[0.6911503837897545, 2.5132741228718345]","[0.0, 0.0]",1760.5633802816897,1760.5633802816897,1760.5633802816897,1760.5633802816897,0.0,0.0,0.0,True,0.5123478305423781,0.39043478817797267,0.8662218263110811,3.6907897959048775e-06,0.5041208013157115,0.09552592168455168,1.0000000000000002,0.9999999999999999,0.0,0.0,5.551115123125783e-17,1.1102230246251565e-16,0.68601521370873,0.015346347289630425,0.026796340005159732,1.6022005693928059,2.513362355938136,"[0.9235257913989865, 0.39694906839181215]","[0.8852886870984797, 0.09542360258771818]","[0.6871355303575323, 2.4480505047301566]","[1.5429454935413782, 1.5690412419215949]","[0.0038963545741011177, 0.026796340005159732]","[0.6910387828474754, 2.513362355938136]",0.39060810234448723,0.7937744964017143,cqed_sim_targeted_subspace,False,266,0.0,direct ideal-SQR target U = sum_n |n><n| tensor R_x(theta_n)
chi_plus_chiprime_staggered_x_na2_chiT5p0,echoed_symmetric,chi_plus_chiprime,True,staggered_x,2,5.0,"[0.6911503837897545, 2.5132741228718345]","[0.0, 0.0]",1760.5633802816897,1760.5633802816897,1840.56338028169,880.2816901408448,880.2816901408448,0.0,40.0,True,0.31122749917878195,0.13903437397347745,1.6482007109210102,7.9537925094995e-06,0.39619219366481584,0.06387470462492953,0.9999999999999998,0.9999999999999996,0.0,0.0,2.220446049250313e-16,4.440892098500626e-16,0.9445311862954711,0.41355079009637463,0.82709766131898,1.5370801136179153,2.382493341920234,"[0.9233946365145506, 0.3952995403989393]","[0.8850919547718259, 0.09294931059840894]","[0.6906336135924916, 1.8542174105329285]","[3.109334269750257, 1.5302159681316039]","[3.918873769234606e-06, 0.82709766131898]","[0.6916668853155964, 2.382493341920234]",0.06387430881266426,0.5072250331707633,cqed_sim_half_target_seed,False,623,0.0,ideal echoed algebra with identical half targets R_x(theta_n/2) and two finite X_pi refocusing pulses
chi_plus_chiprime_staggered_x_na2_chiT5p0,echoed_independent,chi_plus_chiprime,True,staggered_x,2,5.0,"[0.6911503837897545, 2.5132741228718345]","[0.0, 0.0]",1760.5633802816897,1760.5633802816897,1840.56338028169,880.2816901408448,880.2816901408448,0.0,40.0,False,0.31123749752949126,0.1390468719118641,1.6482161866587561,7.77054150051741e-06,0.3961901742146091,0.06387992790082606,1.0,0.9999999999999999,0.0,0.0,5.551115123125783e-17,1.1102230246251565e-16,0.9445150569054367,0.41373807040656474,0.8272444345981806,1.537178962771615,2.382627663347839,"[0.9233811533632871, 0.395265663354936]","[0.8850717300449307, 0.09289849503240404]","[0.6904733220482661, 1.8542031548344116]","[2.5990433293785644, 1.5304855398612405]","[0.0002317062149488079, 0.8272444345981806]","[0.691730262195391, 2.382627663347839]",0.06387890883239926,0.5072530736855839,powell_composite_echo,False,70,4.274465899994539,ideal echoed algebra with independent half corrections and equal durations
chi_plus_chiprime_staggered_x_na2_chiT5p0,echoed_asymmetric,chi_plus_chiprime,True,staggered_x,2,5.0,"[0.6911503837897545, 2.5132741228718345]","[0.0, 0.0]",1760.5633802816897,1760.5633802816897,1840.56338028169,880.2816901408448,880.2816901408448,0.0,40.0,False,0.31123749752949126,0.1390468719118641,1.6482161866587561,7.77054150051741e-06,0.3961901742146091,0.06387992790082606,1.0,0.9999999999999999,0.0,0.0,5.551115123125783e-17,1.1102230246251565e-16,0.9445150569054367,0.41373807040656474,0.8272444345981806,1.537178962771615,2.382627663347839,"[0.9233811533632871, 0.395265663354936]","[0.8850717300449307, 0.09289849503240404]","[0.6904733220482661, 1.8542031548344116]","[2.5990433293785644, 1.5304855398612405]","[0.0002317062149488079, 0.8272444345981806]","[0.691730262195391, 2.382627663347839]",0.06387890883239926,0.5072530736855839,powell_composite_echo,False,80,4.806891700005508,ideal echoed algebra with independent half corrections and weak duration asymmetry
chi_plus_chiprime_staggered_x_na3_chiT3p0,direct_multitone,chi_plus_chiprime,True,staggered_x,3,3.0,"[0.6911503837897545, 2.5132741228718345, 0.879645943005142]","[0.0, 0.0, 0.0]",1056.3380281690138,1056.3380281690138,1056.3380281690138,1056.3380281690138,0.0,0.0,0.0,True,0.5729540542584645,0.5017797299682085,0.767449865877075,1.4145669049757798e-06,0.5841236283245387,0.09543496604184687,1.0,0.9999999999999999,0.0,0.0,1.850371707708594e-17,1.1102230246251565e-16,0.5582488610776171,0.13784769207752423,0.38479390487467385,1.363579793249276,2.5136806425949234,"[0.9234617745953141, 0.39688567893448634, 0.8562845979430928]","[0.8851926618929711, 0.09532851840172951, 0.7844268969146391]","[0.6896376336902955, 2.4464701124694272, 0.46781163902872713]","[1.702791054735697, 1.5736758981923402, 1.5711728813649055]","[0.001447236012945347, 0.0273019353449535, 0.38479390487467385]","[0.6913495258391906, 2.5136806425949234, 0.8857092113137136]",0.5157964030049826,0.8405547516011014,cqed_sim_targeted_subspace,False,549,0.0,direct ideal-SQR target U = sum_n |n><n| tensor R_x(theta_n)
chi_plus_chiprime_staggered_x_na3_chiT3p0,echoed_symmetric,chi_plus_chiprime,True,staggered_x,3,3.0,"[0.6911503837897545, 2.5132741228718345, 0.879645943005142]","[0.0, 0.0, 0.0]",1056.3380281690138,1056.3380281690138,1136.3380281690138,528.1690140845069,528.1690140845069,0.0,40.0,True,0.23904217632311056,0.11221587237696234,1.558859464410891,5.475782758278196e-06,0.42506189499357955,0.06349665081543229,0.9999999999999999,0.9999999999999994,0.0,0.0,2.4054832200211723e-16,5.551115123125783e-16,0.9539070991404571,0.37265043460036185,0.8290940460320404,1.1166931453735334,2.381342157928455,"[0.922460506724469, 0.3953831457968742, 0.9740484695975269]","[0.8836907600867036, 0.09307471869531142, 0.9610727043962904]","[0.6862502259003734, 1.8535920091631695, 0.17313616813717003]","[3.1163565201441523, 1.5294834059945437, 0.46910266002396034]","[4.286649768450903e-05, 0.8290940460320404, 0.2888143912713607]","[0.6960489906204912, 2.381342157928455, 0.2726882875716539]",0.150338197617972,0.16474798454534256,cqed_sim_half_target_seed,False,515,0.0,ideal echoed algebra with identical half targets R_x(theta_n/2) and two finite X_pi refocusing pulses
chi_plus_chiprime_staggered_x_na3_chiT3p0,echoed_independent,chi_plus_chiprime,True,staggered_x,3,3.0,"[0.6911503837897545, 2.5132741228718345, 0.879645943005142]","[0.0, 0.0, 0.0]",1056.3380281690138,1056.3380281690138,1136.3380281690138,528.1690140845069,528.1690140845069,0.0,40.0,False,0.2390408422863828,0.11221431600077995,1.5588581320747086,4.343990322508038e-06,0.42505946224364816,0.06350294029452827,1.0,0.9999999999999997,0.0,0.0,1.4802973661668753e-16,3.3306690738754696e-16,0.953908000581143,0.3725762158673924,0.8289578016793845,1.1166858010744802,2.381355132575765,"[0.9224666205139423, 0.3953894488443035, 0.974056041561541]","[0.8836999307709135, 0.09308417326645527, 0.9610840623423116]","[0.686278868699383, 1.8536826342087627, 0.1731486705112525]","[3.116588094831414, 1.5294423197273381, 0.46901159532091713]","[3.117817839707854e-05, 0.8289578016793845, 0.28873966774439563]","[0.6960203855864427, 2.381355132575765, 0.27268188506123325]",0.15033588655994976,0.1647498097565987,powell_composite_echo,False,70,3.8709120999992592,ideal echoed algebra with independent half corrections and equal durations
chi_plus_chiprime_staggered_x_na3_chiT3p0,echoed_asymmetric,chi_plus_chiprime,True,staggered_x,3,3.0,"[0.6911503837897545, 2.5132741228718345, 0.879645943005142]","[0.0, 0.0, 0.0]",1056.3380281690138,1056.3380281690138,1136.3380281690138,528.1690140845069,528.1690140845069,0.0,40.0,False,0.2390411226661895,0.1122146431105544,1.558858481221626,5.528738491658536e-06,0.42505950445339374,0.06350305027565846,1.0,0.9999999999999998,0.0,0.0,1.4802973661668753e-16,2.220446049250313e-16,0.9539077161719292,0.37257741990762944,0.8289610234802913,1.116686877022811,2.381357160969505,"[0.9224664325390566, 0.39538887262029304, 0.9740558862906666]","[0.8836996488085849, 0.09308330893043963, 0.961083829436]","[0.6862779299692467, 1.853680663442956, 0.17314627109914105]","[3.116105853050203, 1.5294467213429865, 0.4690141601716914]","[3.0214139842102036e-05, 0.8289610234802913, 0.288741022102755]","[0.6960212651545165, 2.381357160969505, 0.27268220494441175]",0.15033566934296075,0.16474932762225847,powell_composite_echo,False,80,4.426360099998419,ideal echoed algebra with independent half corrections and weak duration asymmetry
chi_plus_chiprime_staggered_x_na3_chiT5p0,direct_multitone,chi_plus_chiprime,True,staggered_x,3,5.0,"[0.6911503837897545, 2.5132741228718345, 0.879645943005142]","[0.0, 0.0, 0.0]",1760.5633802816897,1760.5633802816897,1760.5633802816897,1760.5633802816897,0.0,0.0,0.0,True,0.5606742551102826,0.487453297628663,0.7838867558752669,2.5505241080214572e-06,0.5770004418965636,0.09551808052340938,0.9999999999999999,0.9999999999999991,0.0,0.0,1.8503717077085943e-16,8.881784197001252e-16,0.5725783205102866,0.1927892786751816,0.5508662756024422,1.365373816673524,2.5133745818956688,"[0.9235225411058656, 0.39694865144579294, 0.8330672290998407]","[0.8852838116587984, 0.09542297716868937, 0.749600843649761]","[0.6894388859829234, 2.450289553783218, 0.28987702207961585]","[1.5197390845708836, 1.5693828957897793, 1.5706018224452714]","[0.0016696359757354554, 0.025831924447367274, 0.5508662756024422]","[0.6910630494568067, 2.5133745818956688, 0.8916838186680968]",0.5159145539049883,0.8321287374276073,cqed_sim_targeted_subspace,False,559,0.0,direct ideal-SQR target U = sum_n |n><n| tensor R_x(theta_n)
chi_plus_chiprime_staggered_x_na3_chiT5p0,echoed_symmetric,chi_plus_chiprime,True,staggered_x,3,5.0,"[0.6911503837897545, 2.5132741228718345, 0.879645943005142]","[0.0, 0.0, 0.0]",1760.5633802816897,1760.5633802816897,1840.56338028169,880.2816901408448,880.2816901408448,0.0,40.0,True,0.22803358230399656,0.09937251268799602,1.540207006547224,9.563329311448387e-06,0.419826024840485,0.06378955326215228,0.9999999999999999,0.9999999999999997,0.0,0.0,1.6653345369377348e-16,3.3306690738754696e-16,0.9677133440999011,0.3775077513537816,0.8271095310106874,1.0943774883315374,2.3816152194473426,"[0.9234051797842682, 0.3954594566143215, 0.9773717879231176]","[0.8851077696764023, 0.09318918492148229, 0.9660576818846766]","[0.6906834139792289, 1.8540738589007164, 0.12044325659430877]","[3.1255425202561127, 1.5289228917452327, 0.4441086706058656]","[2.8198470516993165e-06, 0.8271095310106874, 0.3054109032036057]","[0.6916172934875053, 2.3816152194473426, 0.20989995205976378]",0.14241461036331263,0.14850776679683772,cqed_sim_half_target_seed,True,333,0.0,ideal echoed algebra with identical half targets R_x(theta_n/2) and two finite X_pi refocusing pulses
chi_plus_chiprime_staggered_x_na3_chiT5p0,echoed_independent,chi_plus_chiprime,True,staggered_x,3,5.0,"[0.6911503837897545, 2.5132741228718345, 0.879645943005142]","[0.0, 0.0, 0.0]",1760.5633802816897,1760.5633802816897,1840.56338028169,880.2816901408448,880.2816901408448,0.0,40.0,False,0.2280311450851629,0.09936966926602336,1.5402037802509716,3.542866297977218e-06,0.4198233610131119,0.06378922560109834,0.9999999999999999,0.9999999999999996,0.0,0.0,1.4802973661668753e-16,4.440892098500626e-16,0.9677152836640294,0.37748101220817504,0.8270316987962354,1.0943827508558317,2.3816004408272944,"[0.9234040190235516, 0.39546711069808965, 0.9773820419905647]","[0.8851060285353274, 0.0932006660471345, 0.9660730629858468]","[0.6906623717717177, 1.8540986414010523, 0.12050774903849792]","[2.887633817876326, 1.5288642597718767, 0.4439828292690471]","[0.00012078774068089327, 0.8270316987962354, 0.30529055008760864]","[0.6916227429015729, 2.3816004408272944, 0.2099250688386278]",0.14241478951210987,0.14850032434344226,powell_composite_echo,False,70,5.828149699998903,ideal echoed algebra with independent half corrections and equal durations
chi_plus_chiprime_staggered_x_na3_chiT5p0,echoed_asymmetric,chi_plus_chiprime,True,staggered_x,3,5.0,"[0.6911503837897545, 2.5132741228718345, 0.879645943005142]","[0.0, 0.0, 0.0]",1760.5633802816897,1760.5633802816897,1840.56338028169,880.2816901408448,880.2816901408448,0.0,40.0,False,0.2280313749224738,0.09936993740955274,1.540203674348139,8.692628205462631e-06,0.41982319787473293,0.063789216727158,1.0,0.9999999999999998,0.0,0.0,7.401486830834377e-17,2.220446049250313e-16,0.9677149986349889,0.37748118040034195,0.8270326932958131,1.0943841238214842,2.3816027421260224,"[0.9234038892841884, 0.39546662614178785, 0.9773817918634942]","[0.8851058339262824, 0.09319993921268178, 0.9660726877952412]","[0.690662353373063, 1.8540987628941523, 0.12050778274104113]","[2.8925148489496735, 1.5288681428221296, 0.4439856403438823]","[0.00011861270978979842, 0.8270326932958131, 0.3052922351954231]","[0.6916233535403874, 2.3816027421260224, 0.20992627579804296]",0.14241507540862222,0.14849927734231771,powell_composite_echo,False,80,6.647365199998603,ideal echoed algebra with independent half corrections and weak duration asymmetry
